address	type	balance	ratio	fee_ratio	amount	fee_amount	fee_rate	payable	skipped	atphase	desc
tz1aWXP237BLwNHJcCD4b3DutCevhqq2T1Z9	B	1596986467205.9998	1.000000	0.000000	1313500000.000000	0.000000	0.000000	0	0	-1	Baker
KT1KgxZTrMLnhtpym3bRaJ4fwBmmgF3JTGtX	D	4118308061	0.0024627536	0.0001160460	3234827.000000	152426.000000	0.045000	1	0	-1	None
KT1V2vrmFRzpMg5ZrH8PtERkirbfidvHKDFt	D	4117034026	0.0024619917	0.0001160101	3233826.000000	152379.000000	0.045000	1	0	-1	None
KT1CYkGpXv8kMhdB8tNUPMbcv4Hu1BVLbH1L	D	4115476874	0.0024610606	0.0001159662	3232603.000000	152322.000000	0.045000	1	0	-1	None
KT1NAxt8ATeXnDkJTT7RVxP2hQApVfsmjqkJ	D	4090000000	0.0024458254	0.0001152483	3212592.000000	151379.000000	0.045000	1	0	-1	None
KT1ChmvxkXEnVg5hXt1P9sLQAWPbKPp4yg4o	D	4026439062	0.0024078158	0.0001134573	3162666.000000	149026.000000	0.045000	1	0	-1	None
KT1EqGcFU5aXPwf9dQADRw16W8GaMads3BhQ	D	4026439062	0.0024078158	0.0001134573	3162666.000000	149026.000000	0.045000	1	0	-1	None
KT1QCGrGoxUNSGvnKGJ3pyrqAdEq8mBjpHKM	D	4026439062	0.0024078158	0.0001134573	3162666.000000	149026.000000	0.045000	1	0	-1	None
KT1XbJF1wwkMQR37PT2FcypLYNizYhqoHRE4	D	4026439062	0.0024078158	0.0001134573	3162666.000000	149026.000000	0.045000	1	0	-1	None
KT1Eh8nH78n5wo8skCwRfvGqdQuQARtMgVQ1	D	3714389739	0.0022212099	0.0001046643	2917559.000000	137477.000000	0.045000	1	0	-1	None
KT1FJHk8uNP9ftjwoWsVJSq5xzPH74Uq8cEP	D	3714389739	0.0022212099	0.0001046643	2917559.000000	137477.000000	0.045000	1	0	-1	None
KT1KmDA76v6SSp5nSGafZuRX7T1xB9jzUW3Y	D	3714389739	0.0022212099	0.0001046643	2917559.000000	137477.000000	0.045000	1	0	-1	None
KT1UaZ31ETPu7rEYUMDt31o34eagqVMwZQiB	D	3714389739	0.0022212099	0.0001046643	2917559.000000	137477.000000	0.045000	1	0	-1	None
KT18g6vrE39KDW85jJa9LBTDGyUT1MHJfvnc	D	3643926988	0.0021790731	0.0001026788	2862213.000000	134869.000000	0.045000	1	0	-1	None
KT1CzvroVffvb5Tn86UeKLoqDYprgV58gQiB	D	3643926988	0.0021790731	0.0001026788	2862213.000000	134869.000000	0.045000	1	0	-1	None
KT1GNSHhoKk1HGFhBEaBreTEzBecbCDwbcW7	D	3643926988	0.0021790731	0.0001026788	2862213.000000	134869.000000	0.045000	1	0	-1	None
KT1TTS7mpF7sG44ssdeFa9683sKe3752nAh3	D	3643926988	0.0021790731	0.0001026788	2862213.000000	134869.000000	0.045000	1	0	-1	None
KT19MGKU3a2F9qJfFbJmr9idEtA55D5E32xG	D	3422472629	0.0020466431	0.0000964387	2688266.000000	126672.000000	0.045000	1	0	-1	None
KT1HRXsN6KEp5uXnzYVi1fLfftSs54Q3BNhv	D	3422472629	0.0020466431	0.0000964387	2688266.000000	126672.000000	0.045000	1	0	-1	None
KT1QAFT4xFxEBjQx4JzhocVJx6eec5zSpDjf	D	3422472629	0.0020466431	0.0000964387	2688266.000000	126672.000000	0.045000	1	0	-1	None
KT1XQiuAkU2nKKw32yrERicesVUpJnrWayHf	D	3422472629	0.0020466431	0.0000964387	2688266.000000	126672.000000	0.045000	1	0	-1	None
KT1GczctnRY5QpdHniU6FNNFTtV7h3MbuyQ6	D	3412406522	0.0020406236	0.0000961550	2680359.000000	126300.000000	0.045000	1	0	-1	None
KT1M7B8vdk4x9nGXPrac4wFrMsU8dfH3pc7g	D	3412406522	0.0020406236	0.0000961550	2680359.000000	126300.000000	0.045000	1	0	-1	None
KT1NNuEuwen9wK3AUjmxLaC6gt12tSx54de1	D	3412406522	0.0020406236	0.0000961550	2680359.000000	126300.000000	0.045000	1	0	-1	None
KT1VqKX1MKutctZDuU4eq3b6DH6werSPVb7p	D	3412406522	0.0020406236	0.0000961550	2680359.000000	126300.000000	0.045000	1	0	-1	None
KT1CtaoGZ3mg6KUSMxdFFZqAQtETkfaJCAk1	D	3231216591	0.0019322718	0.0000910495	2538039.000000	119593.000000	0.045000	1	0	-1	None
KT1KQ1nNLDBV6KKJjfkgc7tjUCjGXSAijr8s	D	3231216591	0.0019322718	0.0000910495	2538039.000000	119593.000000	0.045000	1	0	-1	None
KT1Qmw41dUcQBjKHdLRXbaGFdNm8athzjXPa	D	3231216591	0.0019322718	0.0000910495	2538039.000000	119593.000000	0.045000	1	0	-1	None
KT1Ryf2uhp42ePVDZSjxJ4JhZ5PzD5Lz6Kr1	D	3231216591	0.0019322718	0.0000910495	2538039.000000	119593.000000	0.045000	1	0	-1	None
KT1FxMM63w6HJ25cYpS7SMrMAbZrUC3NP6yy	D	3211084378	0.0019202327	0.0000904822	2522226.000000	118848.000000	0.045000	1	0	-1	None
KT1PJHSY9ms9bLEApNpiWvVJMeznTBWpYYuj	D	3211084378	0.0019202327	0.0000904822	2522226.000000	118848.000000	0.045000	1	0	-1	None
KT1Wys6Ta4Qrs2m3RWByhUZZ8cuva3psaN8S	D	3211084378	0.0019202327	0.0000904822	2522226.000000	118848.000000	0.045000	1	0	-1	None
KT1XYZm3FvxgBZB4juutTbmBg2gy9N755nEL	D	3211084378	0.0019202327	0.0000904822	2522226.000000	118848.000000	0.045000	1	0	-1	None
KT1ChT7Zvky9maqhvSBLUUh6dAAxP1eJSwek	D	2717845123	0.0016252749	0.0000765836	2134799.000000	100593.000000	0.045000	1	0	-1	None
KT1MR8dPrigW1yqmNShAo2a812A61t1WfeJg	D	2717845123	0.0016252749	0.0000765836	2134799.000000	100593.000000	0.045000	1	0	-1	None
KT1QkupK3xbP4hjYG42KkMge1LVNS1cw9f1K	D	2717845123	0.0016252749	0.0000765836	2134799.000000	100593.000000	0.045000	1	0	-1	None
KT1QvxSaZQGw1wkBJhTCNRuJ6jEPPBstgszt	D	2717845123	0.0016252749	0.0000765836	2134799.000000	100593.000000	0.045000	1	0	-1	None
KT1DPXPT92TaqoKgMrrsXNAQUmCkVnTm8XP2	D	2707779017	0.0016192554	0.0000763000	2126892.000000	100220.000000	0.045000	1	0	-1	None
KT1Fvxk6aJXq7o4hg99VKUqnmyv1JBKdWLYd	D	2707779017	0.0016192554	0.0000763000	2126892.000000	100220.000000	0.045000	1	0	-1	None
KT1QfgnSvSuF4xmLZ9cdXi8zy13QM9BXukzD	D	2707779017	0.0016192554	0.0000763000	2126892.000000	100220.000000	0.045000	1	0	-1	None
KT1SsvctCZqqHd6GZquXMFppqFHDzGrBciwN	D	2707779017	0.0016192554	0.0000763000	2126892.000000	100220.000000	0.045000	1	0	-1	None
KT1EHdnrAhyGU3DN7w7AP7ZbqNGQkcDvwnUp	D	2667514587	0.0015951772	0.0000751654	2095265.000000	98730.000000	0.045000	1	0	-1	None
KT1H4k5mKL4npdZZvfAWMhC53WPtbyKfJokA	D	2667514587	0.0015951772	0.0000751654	2095265.000000	98730.000000	0.045000	1	0	-1	None
KT1NHzp8jjELZJn9ezPkQW3pTNHtHaWpPU46	D	2667514587	0.0015951772	0.0000751654	2095265.000000	98730.000000	0.045000	1	0	-1	None
KT1NLZetC844tFM7sgNzWeVYtfJ9uqPmWmRk	D	2667514587	0.0015951772	0.0000751654	2095265.000000	98730.000000	0.045000	1	0	-1	None
KT1FhebwtB4Mhpn1o1vAQNTjr9Ef6qgDFkyB	D	2305134728	0.0013784736	0.0000649543	1810625.000000	85317.000000	0.045000	1	0	-1	None
KT1G174idXKR7EQhTak6MC4pCrq77k9LcA5J	D	2305134728	0.0013784736	0.0000649543	1810625.000000	85317.000000	0.045000	1	0	-1	None
KT1KLWVJ6feYzGAFZGBoy9PH9MB4VBjECR4Y	D	2305134728	0.0013784736	0.0000649543	1810625.000000	85317.000000	0.045000	1	0	-1	None
KT1VBr5HjWF449ehUfDQwWsSZY2Z3uyJBJRa	D	2305134728	0.0013784736	0.0000649543	1810625.000000	85317.000000	0.045000	1	0	-1	None
KT1BU8Yu4FuYs4cj3aRZUSyFTYNTWKA3zNh5	D	2113878690	0.0012641022	0.0000595650	1660398.000000	78239.000000	0.045000	1	0	-1	None
KT1EJUbVbf7U19X2LyKt6Ctc24DZkg51FMrX	D	2113878690	0.0012641022	0.0000595650	1660398.000000	78239.000000	0.045000	1	0	-1	None
KT1QvkR1MxVzPo3JazrwGhkWz22dY6HnXtG7	D	2113878690	0.0012641022	0.0000595650	1660398.000000	78239.000000	0.045000	1	0	-1	None
KT1ThxeUnEKkpS36SSxNZzGuBZLYkfCCgaNH	D	2113878690	0.0012641022	0.0000595650	1660398.000000	78239.000000	0.045000	1	0	-1	None
KT1LTiK7uzMVHq5St1BNKnqcTWkKNZ16XAYx	D	2063548155	0.0012340045	0.0000581468	1620865.000000	76376.000000	0.045000	1	0	-1	None
KT1R7ZfiHys7rzVwTtG8VNvNWdQaUJRnrtPm	D	2063548155	0.0012340045	0.0000581468	1620865.000000	76376.000000	0.045000	1	0	-1	None
KT1Tr1KukBEmxnAdLnwV4MZwyG96KvoGzoB8	D	2063548155	0.0012340045	0.0000581468	1620865.000000	76376.000000	0.045000	1	0	-1	None
KT1WECii3NwhNpfyxdNKPm3KnKfasX57fNEw	D	2063548155	0.0012340045	0.0000581468	1620865.000000	76376.000000	0.045000	1	0	-1	None
KT1LizxXzPxF2ahA9GC2kPnz8DU5tJXW62tH	D	1993085406	0.0011918677	0.0000561613	1565518.000000	73768.000000	0.045000	1	0	-1	None
KT1Non9qYSuuSg9ETFVNroFdeKQtgoiyczKN	D	1993085406	0.0011918677	0.0000561613	1565518.000000	73768.000000	0.045000	1	0	-1	None
KT1RFV56pEC8Sv9G774UF693nTLv7MP5yFka	D	1993085406	0.0011918677	0.0000561613	1565518.000000	73768.000000	0.045000	1	0	-1	None
KT1SgyaUyEqCJN7cNarKq2NFm4bkaXvLpGm9	D	1993085406	0.0011918677	0.0000561613	1565518.000000	73768.000000	0.045000	1	0	-1	None
KT1AMHmsRLtKXxN1FNqZffTX4z4cisJF3CyR	D	1932688762	0.0011557504	0.0000544594	1518078.000000	71532.000000	0.045000	1	0	-1	None
KT1BKeUkTjUgSx2KoprMBDhc4J3HzZKt8Y1P	D	1932688762	0.0011557504	0.0000544594	1518078.000000	71532.000000	0.045000	1	0	-1	None
KT1BVVSHLim8CBfzEyQcU1DHWcqEWTbRRSXo	D	1932688762	0.0011557504	0.0000544594	1518078.000000	71532.000000	0.045000	1	0	-1	None
KT1Rzr4SjAK3EDE48nEGAYuj9JrtUHD9pYC1	D	1932688762	0.0011557504	0.0000544594	1518078.000000	71532.000000	0.045000	1	0	-1	None
KT19gGqNXDJpbuapqQYP8yMKWnSu11GKHCHn	D	1912556547	0.0011437113	0.0000538922	1502265.000000	70787.000000	0.045000	1	0	-1	None
KT19rySt9S8wPLBqNNbnVyn8Csbt3G9jsMYg	D	1912556547	0.0011437113	0.0000538922	1502265.000000	70787.000000	0.045000	1	0	-1	None
KT1Asd1gFVQvm3Q7fjoEHYhC27MSu2C4MkXs	D	1912556547	0.0011437113	0.0000538922	1502265.000000	70787.000000	0.045000	1	0	-1	None
KT1EvDT36mmhP5YXF9eGMLBZCsqbEL1zywBB	D	1912556547	0.0011437113	0.0000538922	1502265.000000	70787.000000	0.045000	1	0	-1	None
KT1EAnmSY2p2Cf3W45TFJ9P2diy24yGDdETm	D	1741432724	0.0010413791	0.0000490702	1367851.000000	64454.000000	0.045000	1	0	-1	None
KT1KCUWvQkJSMC7xKYym6c6CJY9wq3wiQMqu	D	1741432724	0.0010413791	0.0000490702	1367851.000000	64454.000000	0.045000	1	0	-1	None
KT1NhRfjsYEbemybgjuSSBvXQ1kmLqStoFAs	D	1741432724	0.0010413791	0.0000490702	1367851.000000	64454.000000	0.045000	1	0	-1	None
KT1WadYSHFxh8YczuzyWkbZtNg367Zyvmsi8	D	1741432724	0.0010413791	0.0000490702	1367851.000000	64454.000000	0.045000	1	0	-1	None
KT1BuxZF92MSYwqeXo98ZZ1qVarKbdjuGxmL	D	1530044473	0.0009149686	0.0000431137	1201811.000000	56630.000000	0.045000	1	0	-1	None
KT1Mrx5bLQQTriA9d6HfCyHwAvpjqZ8pV1t8	D	1530044473	0.0009149686	0.0000431137	1201811.000000	56630.000000	0.045000	1	0	-1	None
KT1TXew5zutShtKDY5VmjysVX16tYUkppNvF	D	1530044473	0.0009149686	0.0000431137	1201811.000000	56630.000000	0.045000	1	0	-1	None
KT1XgY7LPm54SSR18WVnyPGEf21Uxcx4eV8V	D	1530044473	0.0009149686	0.0000431137	1201811.000000	56630.000000	0.045000	1	0	-1	None
KT1AsPiW8acnc5maLWoJiwgpt4TxwUAyMb6T	D	1519978365	0.0009089491	0.0000428301	1193905.000000	56257.000000	0.045000	1	0	-1	None
KT1EepYqi3ip41H4NuFeuoVVPFv894UYhHCW	D	1519978365	0.0009089491	0.0000428301	1193905.000000	56257.000000	0.045000	1	0	-1	None
KT1M2YaJrUWBYhQDFSUXVZXyXjVHjPwj9toc	D	1519978365	0.0009089491	0.0000428301	1193905.000000	56257.000000	0.045000	1	0	-1	None
KT1SPcnHui8xpKbG4hUUWHAMv6TXtc51m3hz	D	1519978365	0.0009089491	0.0000428301	1193905.000000	56257.000000	0.045000	1	0	-1	None
KT1FD1gkdVC44AhUS55RX6rSpV8Fyv54vHF2	D	1509912258	0.0009029295	0.0000425464	1185998.000000	55885.000000	0.045000	1	0	-1	None
KT1KJj14BQY28V9aE83CCXjPnxeH9khUCfsu	D	1509912258	0.0009029295	0.0000425464	1185998.000000	55885.000000	0.045000	1	0	-1	None
KT1LyR2NcGLDBbELGx7kWMa4wF2yNq44i1it	D	1509912258	0.0009029295	0.0000425464	1185998.000000	55885.000000	0.045000	1	0	-1	None
KT1WZaeugkdSGBeKmPMkbX2RbD1rwZou3rjT	D	1509912258	0.0009029295	0.0000425464	1185998.000000	55885.000000	0.045000	1	0	-1	None
KT18xeykQ2YVH4dafQYTy9cxpkCAjpE6fiZj	D	1368986758	0.0008186559	0.0000385754	1075304.000000	50669.000000	0.045000	1	0	-1	None
KT1DivmpeApybYsp3UXADtNBK1CDrfigasmK	D	1368986758	0.0008186559	0.0000385754	1075304.000000	50669.000000	0.045000	1	0	-1	None
KT1FMAcH8DJoHQvzPCaitUGVPBPPiH6H3E7A	D	1368986758	0.0008186559	0.0000385754	1075304.000000	50669.000000	0.045000	1	0	-1	None
KT1UA58611re48rxY9hBH29JzS2PNuY8QEKk	D	1368986758	0.0008186559	0.0000385754	1075304.000000	50669.000000	0.045000	1	0	-1	None
KT1JH6FZGJ3MQXj22UxpPStFGGHectdUgvK2	D	1341808269	0.0008024031	0.0000378096	1053956.000000	49663.000000	0.045000	1	0	-1	None
KT1S1rWPkm1CgLEG7XGPLEG5SARFpexJXXco	D	1341808269	0.0008024031	0.0000378096	1053956.000000	49663.000000	0.045000	1	0	-1	None
KT1STXNB3NyFLAe9Vr7mYMtQdVt6T2poWDtp	D	1341808269	0.0008024031	0.0000378096	1053956.000000	49663.000000	0.045000	1	0	-1	None
KT1UxwStaQMkDwr99BvyWPpREo8iz2t1DFae	D	1341808269	0.0008024031	0.0000378096	1053956.000000	49663.000000	0.045000	1	0	-1	None
KT1DbmLQMyAbZzoMEQJgFhK1mJJNWpJFLSgb	D	1238127363	0.0007404018	0.0000348880	972518.000000	45825.000000	0.045000	1	0	-1	None
KT1HRvHbYmR64Wh9tmtt5ahTp7bfVKnyTgBW	D	1238127363	0.0007404018	0.0000348880	972518.000000	45825.000000	0.045000	1	0	-1	None
KT1JwBHNDtFVha6aNbbWQDgqPcz2L8eG2N3D	D	1238127363	0.0007404018	0.0000348880	972518.000000	45825.000000	0.045000	1	0	-1	None
KT1WfNWF3rnUuTNj5U1ixEZXVwwPFKKwBFtt	D	1238127363	0.0007404018	0.0000348880	972518.000000	45825.000000	0.045000	1	0	-1	None
KT18pvyWpqYif2qtweek5qUfoNa6hYWXQ8gk	D	1137466292	0.0006802063	0.0000320516	893451.000000	42100.000000	0.045000	1	0	-1	None
KT19GNf1xWuxpU3odVCMq5ZPQ42i87NZKvsw	D	1137466292	0.0006802063	0.0000320516	893451.000000	42100.000000	0.045000	1	0	-1	None
KT1G3Hc7ouS5U7ewrZHYrKdQn9oufXVna9mV	D	1137466292	0.0006802063	0.0000320516	893451.000000	42100.000000	0.045000	1	0	-1	None
KT1JRaWgfdSmnaYf4413NTffxJnrsJdXA6Be	D	1137466292	0.0006802063	0.0000320516	893451.000000	42100.000000	0.045000	1	0	-1	None
KT1Kj6Q9E1PDRoqLUScfzLoY6Neox5CLEUtH	D	1137466292	0.0006802063	0.0000320516	893451.000000	42100.000000	0.045000	1	0	-1	None
KT1LnqicBak7KkHdZGocU6dinFE8w1utbshH	D	1137466292	0.0006802063	0.0000320516	893451.000000	42100.000000	0.045000	1	0	-1	None
KT1McNLEWNhw8BjoTW8KtT671Kn1TZNZPcVG	D	1137466292	0.0006802063	0.0000320516	893451.000000	42100.000000	0.045000	1	0	-1	None
KT1MhHm5i9g1Mj8mfqb5CzgT6BRxAtRrbApB	D	1137466292	0.0006802063	0.0000320516	893451.000000	42100.000000	0.045000	1	0	-1	None
KT1MybHEoz2a6xLjvLwSUAXBGXpeJDTf3477	D	1137466292	0.0006802063	0.0000320516	893451.000000	42100.000000	0.045000	1	0	-1	None
KT1NnZTMeBxNu7pHMoRrEH9Kmg4vtAvAuNcx	D	1137466292	0.0006802063	0.0000320516	893451.000000	42100.000000	0.045000	1	0	-1	None
KT1SGxYRPMSQcU62XgGgqkjXbV1wZgkWjdQs	D	1137466292	0.0006802063	0.0000320516	893451.000000	42100.000000	0.045000	1	0	-1	None
KT1SmYcnyMDqYTDUZtLrYdXTMcEjWFUsPYgB	D	1137466292	0.0006802063	0.0000320516	893451.000000	42100.000000	0.045000	1	0	-1	None
KT19GCYJHSYmPJkViZE6u7TCzHVNLrBkYawX	D	1046871327	0.0006260304	0.0000294988	822291.000000	38747.000000	0.045000	1	0	-1	None
KT1PFNG6Si9inHXvzGfraHYxLje33nNnd2N5	D	1046871327	0.0006260304	0.0000294988	822291.000000	38747.000000	0.045000	1	0	-1	None
KT1S9GF57HdLZVV3ip4T6WdqbnTJZ3yh5VpF	D	1046871327	0.0006260304	0.0000294988	822291.000000	38747.000000	0.045000	1	0	-1	None
KT1TRDuZwFhZEkTX5LSiKeHmcaMK7r2oMhsu	D	1046871327	0.0006260304	0.0000294988	822291.000000	38747.000000	0.045000	1	0	-1	None
KT1Fq4SGnCew4h5MGQsokNyGVNkbdGG7Pxfs	D	1036805220	0.0006200109	0.0000292152	814384.000000	38374.000000	0.045000	1	0	-1	None
KT1MV8NpSaavuNwBXoiAPrbkj3GvGx3Lko5H	D	1036805220	0.0006200109	0.0000292152	814384.000000	38374.000000	0.045000	1	0	-1	None
KT1SKJP2ZTGtL2eBzS3wubC5nvMmdx8vY9Lq	D	1036805220	0.0006200109	0.0000292152	814384.000000	38374.000000	0.045000	1	0	-1	None
KT1V7qnYkVBhZVtSsFcSxfiHH7UypzZFNpS3	D	1036805220	0.0006200109	0.0000292152	814384.000000	38374.000000	0.045000	1	0	-1	None
KT1JdkEGRYFzXJp8XAxa9kvzJjZr7rwt75DJ	D	805284754	0.0004815613	0.0000226914	632531.000000	29805.000000	0.045000	1	0	-1	None
KT1M8AXqqpTcSrQ99BVJsk59K1swNXo1JH4L	D	805284754	0.0004815613	0.0000226914	632531.000000	29805.000000	0.045000	1	0	-1	None
KT1NYm8Sc65mDduygBkKuNCNJZKMNjP3NQY5	D	805284754	0.0004815613	0.0000226914	632531.000000	29805.000000	0.045000	1	0	-1	None
KT1QLAJaRmDoJ6DVppFP65ytACSLEuSReBcz	D	805284754	0.0004815613	0.0000226914	632531.000000	29805.000000	0.045000	1	0	-1	None
KT1AT3JHeR4nJzVrkgYs3KJzLAbGMW82V2yA	D	765020325	0.0004574832	0.0000215568	600904.000000	28315.000000	0.045000	1	0	-1	None
KT1CDY6CQoQXgTyCpHGQWDD53Ssp7EKYRFEG	D	765020325	0.0004574832	0.0000215568	600904.000000	28315.000000	0.045000	1	0	-1	None
KT1JN13TH5ASV51h1kQokYwNmCH2DFSVYnNo	D	765020325	0.0004574832	0.0000215568	600904.000000	28315.000000	0.045000	1	0	-1	None
KT1LUJkRvWwd4JsyTetyBJF1HSCnuUMurJPy	D	765020325	0.0004574832	0.0000215568	600904.000000	28315.000000	0.045000	1	0	-1	None
KT1DqzrS9oaK8m9NxaUqvTPJ1uV7Nyjncv6Q	D	754954218	0.0004514636	0.0000212732	592997.000000	27942.000000	0.045000	1	0	-1	None
KT1RszYbFkR2kG86199RDN85mpokJam67dXb	D	754954218	0.0004514636	0.0000212732	592997.000000	27942.000000	0.045000	1	0	-1	None
KT1RxsPJRR63p58GxkyJXpNk5BHeKURptKhZ	D	754954218	0.0004514636	0.0000212732	592997.000000	27942.000000	0.045000	1	0	-1	None
KT1SRBfhXZHP5W69UoDiPqpm7XjZfndi4TSV	D	754954218	0.0004514636	0.0000212732	592997.000000	27942.000000	0.045000	1	0	-1	None
KT1HqA7KdHgjEGp3x9J1xiD5fk7eqp3xMZqP	D	734822003	0.0004394245	0.0000207059	577184.000000	27197.000000	0.045000	1	0	-1	None
KT1Jp4v4na1q4Jsw9EmZJZ1ZDpeL6x45YYWn	D	734822003	0.0004394245	0.0000207059	577184.000000	27197.000000	0.045000	1	0	-1	None
KT1Qra5emJF2HqHodSk51xMCACyjfgYVDQA7	D	734822003	0.0004394245	0.0000207059	577184.000000	27197.000000	0.045000	1	0	-1	None
KT1UiW9twnJAgJoCAXvX5Etiwv69QndccrjT	D	734822003	0.0004394245	0.0000207059	577184.000000	27197.000000	0.045000	1	0	-1	None
KT1CA7PDoYPaT9HB4fUo1aCJKD5THsCG16ku	D	664359254	0.0003972877	0.0000187204	521837.000000	24589.000000	0.045000	1	0	-1	None
KT1Rg3M5mPysWDLAHpN2v7XBQaxEYR8Tx8An	D	664359254	0.0003972877	0.0000187204	521837.000000	24589.000000	0.045000	1	0	-1	None
KT1WLQdSKrb3eeZpYiX229PSKUGyDzrUKXx1	D	664359254	0.0003972877	0.0000187204	521837.000000	24589.000000	0.045000	1	0	-1	None
KT1WZoRAGz6muyv5JCiLWFUsgWmv35v9pJiS	D	664359254	0.0003972877	0.0000187204	521837.000000	24589.000000	0.045000	1	0	-1	None
KT19KDj8hBn5TRupP8m6S4W8ZL5S1LCEAybe	D	634160931	0.0003792291	0.0000178694	498117.000000	23471.000000	0.045000	1	0	-1	None
KT1HaskPA6kwWq7PzWP4rEwGxMNNfs1cm6Km	D	634160931	0.0003792291	0.0000178694	498117.000000	23471.000000	0.045000	1	0	-1	None
KT1KbeSEq24vFCjqqtZTQRv7eA47XQdvRRNi	D	634160931	0.0003792291	0.0000178694	498117.000000	23471.000000	0.045000	1	0	-1	None
KT1LbuTg96CpHJDfbRpruCzFUBGehhWQPkg6	D	634160931	0.0003792291	0.0000178694	498117.000000	23471.000000	0.045000	1	0	-1	None
KT19kdMQaXMakrNkxZpRTDBuoRdD9BnwYr8M	D	624094823	0.0003732095	0.0000175858	490211.000000	23099.000000	0.045000	1	0	-1	None
KT19s8R994ugDVZqdLFNXKeWXFwxnDanzAY3	D	624094823	0.0003732095	0.0000175858	490211.000000	23099.000000	0.045000	1	0	-1	None
KT1AZkZhV5NJBjsC8XiEkXVzKZpGwc9aQ3Yd	D	624094823	0.0003732095	0.0000175858	490211.000000	23099.000000	0.045000	1	0	-1	None
KT1EFyr7GJxvdtH9Pga9Z6s7F717RDbNDbLm	D	624094823	0.0003732095	0.0000175858	490211.000000	23099.000000	0.045000	1	0	-1	None
KT1GWF8ZZUjaK8d9kSEPFGfbsXmiMuAHTGWk	D	624094823	0.0003732095	0.0000175858	490211.000000	23099.000000	0.045000	1	0	-1	None
KT1H2NQpE3fkMFEuE3ai9218uT93oBPbtLHC	D	624094823	0.0003732095	0.0000175858	490211.000000	23099.000000	0.045000	1	0	-1	None
KT1T62PbLd7WCYpJLFdhc1A92H3mkmHA1mFh	D	624094823	0.0003732095	0.0000175858	490211.000000	23099.000000	0.045000	1	0	-1	None
KT1VnjXpbZw6XL5TadKw6xcuMyUpzdjaEMnN	D	624094823	0.0003732095	0.0000175858	490211.000000	23099.000000	0.045000	1	0	-1	None
KT1FBceFt6TneCiYmgLDh3YNRJFRzpCjpr6s	D	573764287	0.0003431118	0.0000161676	450677.000000	21236.000000	0.045000	1	0	-1	None
KT1FHrd79krp5s3NwxnEfqszQfoWP9jNzQAi	D	573764287	0.0003431118	0.0000161676	450677.000000	21236.000000	0.045000	1	0	-1	None
KT1R6JaM2rhEz7wHcwiDmGLesjFWreBVfMdp	D	573764287	0.0003431118	0.0000161676	450677.000000	21236.000000	0.045000	1	0	-1	None
KT1XkjeiwwVEyzDyWypFSjACJJJA1FRJCTez	D	573764287	0.0003431118	0.0000161676	450677.000000	21236.000000	0.045000	1	0	-1	None
KT196yByq4RtkagPGFwNBdbawqmKaVjqPrY8	D	533499859	0.0003190336	0.0000150330	419051.000000	19746.000000	0.045000	1	0	-1	None
KT1GRspBHHoYENRz1oJ4CZnvYc3AxztMTLE2	D	533499859	0.0003190336	0.0000150330	419051.000000	19746.000000	0.045000	1	0	-1	None
KT1QirWgy3z7K4h1G5ReEFcpURNqWafozxhZ	D	533499859	0.0003190336	0.0000150330	419051.000000	19746.000000	0.045000	1	0	-1	None
KT1SsM3u4WFRPYbEgEMvEhFrcx9cre59Dn8e	D	533499859	0.0003190336	0.0000150330	419051.000000	19746.000000	0.045000	1	0	-1	None
KT1ExBzaM9g7NNp1j1vrWPJRtcNmunV8HQj2	D	503301536	0.0003009750	0.0000141821	395331.000000	18628.000000	0.045000	1	0	-1	None
KT1HEdjVtqLV2c2XmnmGPWTQsL77vdP9Qine	D	503301536	0.0003009750	0.0000141821	395331.000000	18628.000000	0.045000	1	0	-1	None
KT1Hu6jV2PgUHRJjjPyUZd6zpzViDXAQPt8b	D	503301536	0.0003009750	0.0000141821	395331.000000	18628.000000	0.045000	1	0	-1	None
KT1TGs561UCR3GjAHC3Eo4cqzVXanEsQ1VLC	D	503301536	0.0003009750	0.0000141821	395331.000000	18628.000000	0.045000	1	0	-1	None
KT1CC9oxwKJfPPPF3wAe4EH7f1MaSjc4f9FB	D	463037108	0.0002768968	0.0000130475	363704.000000	17138.000000	0.045000	1	0	-1	None
KT1D1q2xHpXoJwu7CwZFSDr8DtMewYLWs6WR	D	463037108	0.0002768968	0.0000130475	363704.000000	17138.000000	0.045000	1	0	-1	None
KT1MEddstF6JPK3iDATTrSwSd5KZEXcDPA6W	D	463037108	0.0002768968	0.0000130475	363704.000000	17138.000000	0.045000	1	0	-1	None
KT1MkuzMrbAgGGtbGGQXx7z4hTGHUY2sjja8	D	463037108	0.0002768968	0.0000130475	363704.000000	17138.000000	0.045000	1	0	-1	None
KT1AvAApdenVvTwALG64ZUEkHN9DPPKWdrXQ	D	442904895	0.0002648577	0.0000124802	347891.000000	16393.000000	0.045000	1	0	-1	None
KT1KdX4BUriAyBUSmXsicvtrM4umHtHvSfM8	D	442904895	0.0002648577	0.0000124802	347891.000000	16393.000000	0.045000	1	0	-1	None
KT1LH3DMYqvfqUKqXUH7v9qM6fRvDSBMwYM4	D	442904895	0.0002648577	0.0000124802	347891.000000	16393.000000	0.045000	1	0	-1	None
KT1TmNLd8yp5EWn88nK6g8z3w77bLJnAmAo5	D	442904895	0.0002648577	0.0000124802	347891.000000	16393.000000	0.045000	1	0	-1	None
KT1JNSG1rtRbVuoAaqc4vZoRm6yhsPdNuq9d	D	322111608	0.0001926232	0.0000090765	253011.000000	11922.000000	0.045000	1	0	-1	None
KT1L6DuryHuM3cAwNw5Etixou2KfxGyxexmh	D	322111608	0.0001926232	0.0000090765	253011.000000	11922.000000	0.045000	1	0	-1	None
KT1MUHkSRG3ewpQ8g84LgK1tGMZBSAk7yvzx	D	322111608	0.0001926232	0.0000090765	253011.000000	11922.000000	0.045000	1	0	-1	None
KT1QJ4w1AWDKzA1YdUza4nA8ZNjT3tj6T2aa	D	322111608	0.0001926232	0.0000090765	253011.000000	11922.000000	0.045000	1	0	-1	None
KT1Aok1Ggot327qQkE78RNAGZE37VYHSkeg1	D	312045500	0.0001866036	0.0000087928	245104.000000	11549.000000	0.045000	1	0	-1	None
KT1Hp2B7mWD2g7puhj41pVrdCZw2vra5WBQ4	D	312045500	0.0001866036	0.0000087928	245104.000000	11549.000000	0.045000	1	0	-1	None
KT1Hr21Y5v8KDfqEYcdQQUXdrgtprUoKqgwZ	D	312045500	0.0001866036	0.0000087928	245104.000000	11549.000000	0.045000	1	0	-1	None
KT1QfAo6QLmpDe1NWaJdKJVN6os668hkbgzy	D	312045500	0.0001866036	0.0000087928	245104.000000	11549.000000	0.045000	1	0	-1	None
KT1AGjEhH2jbYMb87dES1RmEqmMykE7WCmFw	D	281847178	0.0001685450	0.0000079419	221384.000000	10432.000000	0.045000	1	0	-1	None
KT1FutcxAUGQ9pfSRXDjkPnb2UcxSGty3gAy	D	281847178	0.0001685450	0.0000079419	221384.000000	10432.000000	0.045000	1	0	-1	None
KT1KoHRW1VndpCGqTXqeKMurzwgT4tTVyYTU	D	281847178	0.0001685450	0.0000079419	221384.000000	10432.000000	0.045000	1	0	-1	None
KT1PsavcKuJkwkjrvSgJgDmBk4uy4SVVPNtV	D	281847178	0.0001685450	0.0000079419	221384.000000	10432.000000	0.045000	1	0	-1	None
KT18fpQDhvn47CLTsSirrDm4RD3qNYw5CGiC	D	261714964	0.0001565059	0.0000073746	205570.000000	9687.000000	0.045000	1	0	-1	None
KT19aZeQNVYMb83vhwgWJTTaAzR3Va359bmp	D	261714964	0.0001565059	0.0000073746	205570.000000	9687.000000	0.045000	1	0	-1	None
KT1Ep5pzi39Q9P3n6T47nUjp4c5VixeCndh8	D	261714964	0.0001565059	0.0000073746	205570.000000	9687.000000	0.045000	1	0	-1	None
KT1KMXJHFNPVJ6KDZq7EAq6icGoLfpjnfxqJ	D	261714964	0.0001565059	0.0000073746	205570.000000	9687.000000	0.045000	1	0	-1	None
KT1De6cFtbWfdRjKAhvozqtxuWFfHCQGz9qF	D	150987785	0.0000902909	0.0000042545	118597.000000	5588.000000	0.045000	1	0	-1	None
KT1EaamRqGJkvL5s1wHAa4y4ptVCxatVX3sy	D	150987785	0.0000902909	0.0000042545	118597.000000	5588.000000	0.045000	1	0	-1	None
KT1JddN3mJvEfNegk93sxvsE5dWXFhsKBxFD	D	150987785	0.0000902909	0.0000042545	118597.000000	5588.000000	0.045000	1	0	-1	None
KT1Q3hN8j4MpGCk7bueQQoe3JHYi84e28WaL	D	150987785	0.0000902909	0.0000042545	118597.000000	5588.000000	0.045000	1	0	-1	None
KT1CcEAC85ooyFQLT1F7k57rBwBK6JqegLqj	D	120789462	0.0000722323	0.0000034036	94877.000000	4471.000000	0.045000	1	0	-1	None
KT1FaNvs35RF3nSZSJ6xG6HS8mMLgRy8xZwL	D	120789462	0.0000722323	0.0000034036	94877.000000	4471.000000	0.045000	1	0	-1	None
KT1JkGzniBiFSmK9pn7tc3uo6QWmG1MDcTwH	D	120789462	0.0000722323	0.0000034036	94877.000000	4471.000000	0.045000	1	0	-1	None
KT1JpvHUaR8WoYoYpcbC2FLkYabxZ5vBuvBv	D	120789462	0.0000722323	0.0000034036	94877.000000	4471.000000	0.045000	1	0	-1	None
KT1D6dGsa8PKdViHSeVh3j7KWTYkaGodjwfh	D	100657249	0.0000601932	0.0000028363	79064.000000	3726.000000	0.045000	1	0	-1	None
KT1QhWSAMLt5rkLxzVL11qHqb2pDJb7co7MT	D	100657249	0.0000601932	0.0000028363	79064.000000	3726.000000	0.045000	1	0	-1	None
KT1SWzBmSjrWv7X1U5S3huALxzBL2ueqCg3j	D	100657249	0.0000601932	0.0000028363	79064.000000	3726.000000	0.045000	1	0	-1	None
KT1XbudZUj6A98dDHGp2SNjYn3LofN2S9Mk6	D	100657249	0.0000601932	0.0000028363	79064.000000	3726.000000	0.045000	1	0	-1	None
KT1L979UqbnToN3duLikKYkimst6vauDk3TJ	D	60392819	0.0000361150	0.0000017018	47437.000000	2235.000000	0.045000	1	0	-1	None
KT1W3ukkRnGcW5tcfRPSa4Jx6DC6FpBZhCAL	D	60392819	0.0000361150	0.0000017018	47437.000000	2235.000000	0.045000	1	0	-1	None
KT1XCbc5MWkteouMUNEdfGMZCmuUc6fN2iJ5	D	60392819	0.0000361150	0.0000017018	47437.000000	2235.000000	0.045000	1	0	-1	None
KT1XX1JYpmh4jk9n4SLG66AFm2qEq26xfUpP	D	60392819	0.0000361150	0.0000017018	47437.000000	2235.000000	0.045000	1	0	-1	None
KT1HoQefvsAA2CrTyDCeeWbkXsgHLW8whS15	D	12345406	0.0000073826	0.0000003479	9697.000000	457.000000	0.045000	1	0	-1	None
KT18b1a6FivtWiCXuot3E91V1cG1Fk17jHZe	D	10062283	0.0000060173	0.0000002835	7904.000000	372.000000	0.045000	1	0	-1	None
KT18dAwPeYHGPfXHGYk7i3DvLWbxGkfZr8BZ	D	10062283	0.0000060173	0.0000002835	7904.000000	372.000000	0.045000	1	0	-1	None
KT18drSbYhYggQgQ95X6uwy1khza82oo9U5W	D	10062283	0.0000060173	0.0000002835	7904.000000	372.000000	0.045000	1	0	-1	None
KT18hqtSpi1QNm3DHwgdgv3tsbZCZk8vYskC	D	10062283	0.0000060173	0.0000002835	7904.000000	372.000000	0.045000	1	0	-1	None
KT18iY3EtGfj2P6ZRqHkChJLNENSkkQMKyoC	D	10062283	0.0000060173	0.0000002835	7904.000000	372.000000	0.045000	1	0	-1	None
KT18nQ6K1dwkUjcbQ738BmLC5kWCNDqmDnbG	D	10062283	0.0000060173	0.0000002835	7904.000000	372.000000	0.045000	1	0	-1	None
KT18vQCBkt4rphjzoEqYVhxnSxki6nhnQDT4	D	10062283	0.0000060173	0.0000002835	7904.000000	372.000000	0.045000	1	0	-1	None
KT191b1yAmrj198yM3RUFMVS8Lb2KF32giWv	D	10062283	0.0000060173	0.0000002835	7904.000000	372.000000	0.045000	1	0	-1	None
KT193cTBJRsShaT9pBLhQysRa9Vh9BuauiXi	D	10062283	0.0000060173	0.0000002835	7904.000000	372.000000	0.045000	1	0	-1	None
KT196uTB5xfqEL2XkeeU9bUiwVQzjMgLjVjs	D	10062283	0.0000060173	0.0000002835	7904.000000	372.000000	0.045000	1	0	-1	None
KT19a5gSSX7xZYzPNPZ856puk587d96mbcQL	D	10062283	0.0000060173	0.0000002835	7904.000000	372.000000	0.045000	1	0	-1	None
KT19bthTDevDS41ugNohoMKoj8VjpBjY5ZV4	D	10062283	0.0000060173	0.0000002835	7904.000000	372.000000	0.045000	1	0	-1	None
KT19cEXSWCbf2E7d327FjuhkiRPMmTmBwhaf	D	10062283	0.0000060173	0.0000002835	7904.000000	372.000000	0.045000	1	0	-1	None
KT19dKHue2dCsBu55rjc35idnrHAH13zfGNp	D	10062283	0.0000060173	0.0000002835	7904.000000	372.000000	0.045000	1	0	-1	None
KT19fYPdUV37wbbvEPhHM7x6VFcrr1TW7B81	D	10062283	0.0000060173	0.0000002835	7904.000000	372.000000	0.045000	1	0	-1	None
KT19GrFFoLrtb9qB1af3vGVTfytDuXdCCoRx	D	10062283	0.0000060173	0.0000002835	7904.000000	372.000000	0.045000	1	0	-1	None
KT19HeMtMbLb2w1WVK3KyumfgQvj4E41E1zF	D	10062283	0.0000060173	0.0000002835	7904.000000	372.000000	0.045000	1	0	-1	None
KT19K2R4SXrGJWJcUDbyjCZhEU2X7Fzp97Pi	D	10062283	0.0000060173	0.0000002835	7904.000000	372.000000	0.045000	1	0	-1	None
KT19MSobUkKVphYXVULPansxSPPZkHDAAWCX	D	10062283	0.0000060173	0.0000002835	7904.000000	372.000000	0.045000	1	0	-1	None
KT19NuqPTa74fpyA58TQpjd94HBnFrYpL2KK	D	10062283	0.0000060173	0.0000002835	7904.000000	372.000000	0.045000	1	0	-1	None
KT19q35qrbcnss3Y4D3SsACToRpDd6CFQpbN	D	10062283	0.0000060173	0.0000002835	7904.000000	372.000000	0.045000	1	0	-1	None
KT19U8bKDBiaaAfj1dqDrCCMVNiabJpYecRg	D	10062283	0.0000060173	0.0000002835	7904.000000	372.000000	0.045000	1	0	-1	None
KT19UnXDfYbxRUBtLh7494ApcAqqRmSKPBsj	D	10062283	0.0000060173	0.0000002835	7904.000000	372.000000	0.045000	1	0	-1	None
KT19Zz7U57MSqzuspkrukkXNaqxd7Tmf7aQ7	D	10062283	0.0000060173	0.0000002835	7904.000000	372.000000	0.045000	1	0	-1	None
KT1A34n8eMzTn42Jh7LyWr32HSkpQYNRkceb	D	10062283	0.0000060173	0.0000002835	7904.000000	372.000000	0.045000	1	0	-1	None
KT1A7H5JniwJC8TVvzovQyXbgxNGgiWP3an2	D	10062283	0.0000060173	0.0000002835	7904.000000	372.000000	0.045000	1	0	-1	None
KT1A7kpHBTtwmZuMWfXSLkn84njWHJgBwC5q	D	10062283	0.0000060173	0.0000002835	7904.000000	372.000000	0.045000	1	0	-1	None
KT1AA3ZAQKd87SueCGsMhC3nmsTkDmXTd2L5	D	10062283	0.0000060173	0.0000002835	7904.000000	372.000000	0.045000	1	0	-1	None
KT1Abek6c73Zah1N24Ch5DfB9psX6hzfq8JQ	D	10062283	0.0000060173	0.0000002835	7904.000000	372.000000	0.045000	1	0	-1	None
KT1ABFwyUyskKhjTbNDWSq3jFXnmJh4W197N	D	10062283	0.0000060173	0.0000002835	7904.000000	372.000000	0.045000	1	0	-1	None
KT1AcEz8DE9CukSbtqEqMSKwQF56vKdiSxoR	D	10062283	0.0000060173	0.0000002835	7904.000000	372.000000	0.045000	1	0	-1	None
KT1ACGsVcgbrjAjZFvNvbiYpwZ5xy5wp9RKk	D	10062283	0.0000060173	0.0000002835	7904.000000	372.000000	0.045000	1	0	-1	None
KT1Ae6kw2Y9o4v9fvcanpwb8trBHr42khLQG	D	10062283	0.0000060173	0.0000002835	7904.000000	372.000000	0.045000	1	0	-1	None
KT1AKy7ZtkA5zRN1i5S8qAgefpYHjDUEep1n	D	10062283	0.0000060173	0.0000002835	7904.000000	372.000000	0.045000	1	0	-1	None
KT1Ao2TAy58bvckWzc2HTnbhTFGNBH1fq9xH	D	10062283	0.0000060173	0.0000002835	7904.000000	372.000000	0.045000	1	0	-1	None
KT1ApHsTQK9FomaWBmVGgs3ACP41oRKZGBhF	D	10062283	0.0000060173	0.0000002835	7904.000000	372.000000	0.045000	1	0	-1	None
KT1AUchxGBXYdiitYG2XF6pYKFfj3BuyZCPo	D	10062283	0.0000060173	0.0000002835	7904.000000	372.000000	0.045000	1	0	-1	None
KT1AXUiifumWZWuNPfsvFzJSYBDe8Fa8YWpn	D	10062283	0.0000060173	0.0000002835	7904.000000	372.000000	0.045000	1	0	-1	None
KT1AxunBtpgm8VepGX35WXEbxynMnaLeXDVT	D	10062283	0.0000060173	0.0000002835	7904.000000	372.000000	0.045000	1	0	-1	None
KT1AY2G9hvSJcbfS7ptmZf1Ba7ndWrCsv69X	D	10062283	0.0000060173	0.0000002835	7904.000000	372.000000	0.045000	1	0	-1	None
KT1B4NiSjS5EfqE4saXd49XgByLRnZ1dnQqz	D	10062283	0.0000060173	0.0000002835	7904.000000	372.000000	0.045000	1	0	-1	None
KT1B5zh6k1cQMqBkjjqrgp8s27TYpVfhWh5D	D	10062283	0.0000060173	0.0000002835	7904.000000	372.000000	0.045000	1	0	-1	None
KT1B8tBx6gzw3kTWgJoSy4MQHXCjL9Bts3Sw	D	10062283	0.0000060173	0.0000002835	7904.000000	372.000000	0.045000	1	0	-1	None
KT1BBbrMCYYiE5QSB1q7PV68oZ1k63KN9xh9	D	10062283	0.0000060173	0.0000002835	7904.000000	372.000000	0.045000	1	0	-1	None
KT1Bd56qSnpBAfeP3LEBMDN8DtnDLr887mGC	D	10062283	0.0000060173	0.0000002835	7904.000000	372.000000	0.045000	1	0	-1	None
KT1Bfy4Y34qh11J1XyLMc7rNEsu6J5kyBPgh	D	10062283	0.0000060173	0.0000002835	7904.000000	372.000000	0.045000	1	0	-1	None
KT1Bm18Pnr7mtB4ZEXcUTuTZDLub4k2WxidG	D	10062283	0.0000060173	0.0000002835	7904.000000	372.000000	0.045000	1	0	-1	None
KT1Bn11SAMh3Ku99ZWrnTQdmidtsZg9xGuuy	D	10062283	0.0000060173	0.0000002835	7904.000000	372.000000	0.045000	1	0	-1	None
KT1BUboEzgqCpu6ghRRssEZkc3mVEfJBHXQs	D	10062283	0.0000060173	0.0000002835	7904.000000	372.000000	0.045000	1	0	-1	None
KT1BzkiuGxJzsjNp9QKBzp992kPLYdrMfmuL	D	10062283	0.0000060173	0.0000002835	7904.000000	372.000000	0.045000	1	0	-1	None
KT1C49JrR2T8QDn2BuUqt7JCABSJs4zhcUxT	D	10062283	0.0000060173	0.0000002835	7904.000000	372.000000	0.045000	1	0	-1	None
KT1C6CiGMdq7qY4JzHXKX7AB8eYSnj5n3hYd	D	10062283	0.0000060173	0.0000002835	7904.000000	372.000000	0.045000	1	0	-1	None
KT1CBNpDE6a3FzDVQqzmvMGLrxwchgP9NNGV	D	10062283	0.0000060173	0.0000002835	7904.000000	372.000000	0.045000	1	0	-1	None
KT1CC9skZD1MDVjEoydeXnnMrwTc1KVMsuMP	D	10062283	0.0000060173	0.0000002835	7904.000000	372.000000	0.045000	1	0	-1	None
KT1CeEPsyfGdNypHsFhAoXgjwTnaEraFT4cP	D	10062283	0.0000060173	0.0000002835	7904.000000	372.000000	0.045000	1	0	-1	None
KT1CgQV14Ps5rfQQaLHexnLmJGoBLSZaKotB	D	10062283	0.0000060173	0.0000002835	7904.000000	372.000000	0.045000	1	0	-1	None
KT1CJZ2ccAKCY33f84KKu9b7jqS4DwwumQ1W	D	10062283	0.0000060173	0.0000002835	7904.000000	372.000000	0.045000	1	0	-1	None
KT1CKEuM7BdpuZddaZDvgZ5T1oem7emgwH3Z	D	10062283	0.0000060173	0.0000002835	7904.000000	372.000000	0.045000	1	0	-1	None
KT1CNYJUYeUae2QVugVRrXwpdamnJF8t9yKn	D	10062283	0.0000060173	0.0000002835	7904.000000	372.000000	0.045000	1	0	-1	None
KT1CozPhHYFeEWdjp4PcEAq6fJuv2KWNh418	D	10062283	0.0000060173	0.0000002835	7904.000000	372.000000	0.045000	1	0	-1	None
KT1CrZgUqMnSLmqsgjg284gjfYJJvUaQbFQ3	D	10062283	0.0000060173	0.0000002835	7904.000000	372.000000	0.045000	1	0	-1	None
KT1CT1vcn1gHrgbSY6o5gEHHmEeTzf1GEb6N	D	10062283	0.0000060173	0.0000002835	7904.000000	372.000000	0.045000	1	0	-1	None
KT1CW11Fb8Z6A2e6Wqgbd5NGqbz5JsSJvyyt	D	10062283	0.0000060173	0.0000002835	7904.000000	372.000000	0.045000	1	0	-1	None
KT1CwKMtfwwxcY4qJ6GrTf6CTkyxmhJM7jt6	D	10062283	0.0000060173	0.0000002835	7904.000000	372.000000	0.045000	1	0	-1	None
KT1D5SLo1VWRxgqb5gEJCZArr8wGNRh79WYu	D	10062283	0.0000060173	0.0000002835	7904.000000	372.000000	0.045000	1	0	-1	None
KT1Dc2aiw6K4zaDKTeNBR3pGTqYfio1cdTY1	D	10062283	0.0000060173	0.0000002835	7904.000000	372.000000	0.045000	1	0	-1	None
KT1DiXuTTiaomg1fp27AQbAA3M7k8M35onWF	D	10062283	0.0000060173	0.0000002835	7904.000000	372.000000	0.045000	1	0	-1	None
KT1DkzSEEpfohGHmKRqgc3Aa5rfAiQBTXsmk	D	10062283	0.0000060173	0.0000002835	7904.000000	372.000000	0.045000	1	0	-1	None
KT1DL6gHRLq7SX2c8bVpawgP67iuoXyNUAda	D	10062283	0.0000060173	0.0000002835	7904.000000	372.000000	0.045000	1	0	-1	None
KT1Dm7UP2xJ92pbjogXynS2qFRp4GGDzgWP4	D	10062283	0.0000060173	0.0000002835	7904.000000	372.000000	0.045000	1	0	-1	None
KT1DoiCeGMgddMGwnjoRhfW7ejixu8GPAkLA	D	10062283	0.0000060173	0.0000002835	7904.000000	372.000000	0.045000	1	0	-1	None
KT1DP6AuuMr3LfgeAdZZbG6B35Y8b1p6c1Ns	D	10062283	0.0000060173	0.0000002835	7904.000000	372.000000	0.045000	1	0	-1	None
KT1DQeEuDLFG8AjGFeVDkouS7ySQZE5XCCuZ	D	10062283	0.0000060173	0.0000002835	7904.000000	372.000000	0.045000	1	0	-1	None
KT1DR6F5X7xGadPzoC4HEqHX4BZDN5oD1WJ6	D	10062283	0.0000060173	0.0000002835	7904.000000	372.000000	0.045000	1	0	-1	None
KT1DvZzT1KtU7CrxpwtMwFv4t3uKRTpnrJ8V	D	10062283	0.0000060173	0.0000002835	7904.000000	372.000000	0.045000	1	0	-1	None
KT1DwtQg9GvJmWq1cbnpBMQ6EzAFayCp6rW8	D	10062283	0.0000060173	0.0000002835	7904.000000	372.000000	0.045000	1	0	-1	None
KT1DyPdUAYB1A81TEPN6CWxfxb8FtF483ptM	D	10062283	0.0000060173	0.0000002835	7904.000000	372.000000	0.045000	1	0	-1	None
KT1DysZAVXi3USzJLEhgf3YDjzGo7Ai2xpWU	D	10062283	0.0000060173	0.0000002835	7904.000000	372.000000	0.045000	1	0	-1	None
KT1E1mvitPU28yFGbRAsgoGuA1nnoBMgfM6s	D	10062283	0.0000060173	0.0000002835	7904.000000	372.000000	0.045000	1	0	-1	None
KT1E5PVMCLFhpWX87bHwGnLbEE4MrahVrCPA	D	10062283	0.0000060173	0.0000002835	7904.000000	372.000000	0.045000	1	0	-1	None
KT1ECTstsoaMH8Lhit366SVW1gd5b3YSHxdC	D	10062283	0.0000060173	0.0000002835	7904.000000	372.000000	0.045000	1	0	-1	None
KT1EcV7AXDe8PnMVJbVGSdEDyaLntHN26YGP	D	10041550	0.0000060049	0.0000002830	7887.000000	372.000000	0.045000	1	0	-1	None
KT1EgaS3LSfSpM6BFsELGz4TmrLd2LsPCvu3	D	10041550	0.0000060049	0.0000002830	7887.000000	372.000000	0.045000	1	0	-1	None
KT1EGLGn8G9SLsdnmCKK7tZjEnTao9qdpd89	D	10041550	0.0000060049	0.0000002830	7887.000000	372.000000	0.045000	1	0	-1	None
KT1Ego9yRt5k8ypE38TZWNapusq3AfZFU434	D	10041550	0.0000060049	0.0000002830	7887.000000	372.000000	0.045000	1	0	-1	None
KT1EgWnzYF2eosrFdDkR19rH7ScioLEE76mq	D	10041550	0.0000060049	0.0000002830	7887.000000	372.000000	0.045000	1	0	-1	None
KT1EHP9GiMoJRjBhNw89cBjUY9aa6RHZKAdt	D	10041550	0.0000060049	0.0000002830	7887.000000	372.000000	0.045000	1	0	-1	None
KT1ENVF4oKDUokUpQih4WMJ9CqoxU9z5t5nf	D	10041550	0.0000060049	0.0000002830	7887.000000	372.000000	0.045000	1	0	-1	None
KT1EqtfvkFc5iychwKoTdbWz9zgnSUyHCSab	D	10041550	0.0000060049	0.0000002830	7887.000000	372.000000	0.045000	1	0	-1	None
KT1ESTLUVXqpF3PGfYr3LFFAHtBVWTrA4vsQ	D	10041550	0.0000060049	0.0000002830	7887.000000	372.000000	0.045000	1	0	-1	None
KT1EUENSmwXYa6NPBJQ3cd9vkF4rJtACEpvA	D	10041550	0.0000060049	0.0000002830	7887.000000	372.000000	0.045000	1	0	-1	None
KT1EYK7B7K8nwE9NVQagjT3jMVTAFmcn5tQJ	D	10041550	0.0000060049	0.0000002830	7887.000000	372.000000	0.045000	1	0	-1	None
KT1EyMj5YNk8TowjpjwCxAS4B1JEyKJETZS2	D	10041550	0.0000060049	0.0000002830	7887.000000	372.000000	0.045000	1	0	-1	None
KT1F3eqQqCY7FXSqStJdYF6EADZP12ajZnJ6	D	10041550	0.0000060049	0.0000002830	7887.000000	372.000000	0.045000	1	0	-1	None
KT1F54X41i7DcGPdf89iDsTQmiakfDp9Nh5b	D	10041550	0.0000060049	0.0000002830	7887.000000	372.000000	0.045000	1	0	-1	None
KT1FcXY78uhVHdbyZeEUvaTE7cSX38BBJhsR	D	10041550	0.0000060049	0.0000002830	7887.000000	372.000000	0.045000	1	0	-1	None
KT1FEhQX7cWzgSAaEAQ3dmUHrhUCUzP9M65i	D	10041550	0.0000060049	0.0000002830	7887.000000	372.000000	0.045000	1	0	-1	None
KT1FiGC7wAM4ermy9bFctXjVBiuS9CA5hGwQ	D	10041550	0.0000060049	0.0000002830	7887.000000	372.000000	0.045000	1	0	-1	None
KT1FJwZnZPbu3VWRsQHiWzXT5xgNnHZAAW8p	D	10041550	0.0000060049	0.0000002830	7887.000000	372.000000	0.045000	1	0	-1	None
KT1FkpoaBtfQLTeKoWt4UXK7fSCVFLFfzz53	D	10041550	0.0000060049	0.0000002830	7887.000000	372.000000	0.045000	1	0	-1	None
KT1FLSr4ou235mzUX8nXDtuFD1R3HpLmLb1y	D	10041550	0.0000060049	0.0000002830	7887.000000	372.000000	0.045000	1	0	-1	None
KT1FmLu7xbg2ztUXvcawNJLjEUgqf9dyofsT	D	10041550	0.0000060049	0.0000002830	7887.000000	372.000000	0.045000	1	0	-1	None
KT1Fs2DinRev1b6wVgxF5X5KGpEGuuhUoQjG	D	10041550	0.0000060049	0.0000002830	7887.000000	372.000000	0.045000	1	0	-1	None
KT1FTWx1BEdno6oY9mdJRJj2NfjGLcMkc54T	D	10041550	0.0000060049	0.0000002830	7887.000000	372.000000	0.045000	1	0	-1	None
KT1FwSvWHY1hTNPN125v1tdghqLKZSXa1EGt	D	10041550	0.0000060049	0.0000002830	7887.000000	372.000000	0.045000	1	0	-1	None
KT1FZfney9ZyT7VFfKhicBZfZhMJH6QhUNJv	D	10041550	0.0000060049	0.0000002830	7887.000000	372.000000	0.045000	1	0	-1	None
KT1G2NugPpdBiCowBcFd8MVHbzrBjZnBRE9A	D	10041550	0.0000060049	0.0000002830	7887.000000	372.000000	0.045000	1	0	-1	None
KT1G9W64iBtMM6PECReYtkfVtvLirQi5XPzo	D	10041550	0.0000060049	0.0000002830	7887.000000	372.000000	0.045000	1	0	-1	None
KT1GaD6mm9PHW92rzruYnzcXUCUzkwHTamE3	D	10041550	0.0000060049	0.0000002830	7887.000000	372.000000	0.045000	1	0	-1	None
KT1GBbFnvfk1oq566TMdvK8PMqvAwqRGNehn	D	10041550	0.0000060049	0.0000002830	7887.000000	372.000000	0.045000	1	0	-1	None
KT1Ge94grzkTsxwmAiHHRPLNVkgW6k1ARsbg	D	10041550	0.0000060049	0.0000002830	7887.000000	372.000000	0.045000	1	0	-1	None
KT1GjJPxskgK2S9FhcfeDhiKmAMDVvXd28ut	D	10041550	0.0000060049	0.0000002830	7887.000000	372.000000	0.045000	1	0	-1	None
KT1GKkGtNgqdq2FzjHyqivKKmWh6XaWtLLPn	D	10041550	0.0000060049	0.0000002830	7887.000000	372.000000	0.045000	1	0	-1	None
KT1GLBjFFuR6CEwMNhwD9ppHecpQdSZECSgY	D	10041550	0.0000060049	0.0000002830	7887.000000	372.000000	0.045000	1	0	-1	None
KT1GN3dK3DLK1kHYcXJ9Pq43cDYiDYKpMqea	D	10041550	0.0000060049	0.0000002830	7887.000000	372.000000	0.045000	1	0	-1	None
KT1GUXknG5qqQBcBBQYdiZTLrPLp57mQhcua	D	10041550	0.0000060049	0.0000002830	7887.000000	372.000000	0.045000	1	0	-1	None
KT1GVbyA3AxfkN2F3aFffqBWa5wpJ2rsB8YY	D	10041550	0.0000060049	0.0000002830	7887.000000	372.000000	0.045000	1	0	-1	None
KT1Gvg2ReNxBdsMCsXc18yHgMS6bq9TWJjiv	D	10041550	0.0000060049	0.0000002830	7887.000000	372.000000	0.045000	1	0	-1	None
KT1GVguufQh988HGNNNjUv6XmLeoG5cXrHgZ	D	10041550	0.0000060049	0.0000002830	7887.000000	372.000000	0.045000	1	0	-1	None
KT1GYsYNzFDjV2Bc7ksQDhysLpeFb9ZFNUop	D	10041550	0.0000060049	0.0000002830	7887.000000	372.000000	0.045000	1	0	-1	None
KT1H61Lgxhgvu2CFhaqi3BG68pehVfMzgegb	D	10041550	0.0000060049	0.0000002830	7887.000000	372.000000	0.045000	1	0	-1	None
KT1HBBxUmsFdu5H4Q9UFsv685JphsGPGHSbG	D	10041550	0.0000060049	0.0000002830	7887.000000	372.000000	0.045000	1	0	-1	None
KT1HejzdWHKePCpp28AUoJBq7hEu85J8p9N6	D	10041550	0.0000060049	0.0000002830	7887.000000	372.000000	0.045000	1	0	-1	None
KT1HEXV2iVd8H63rfddQDQj7ia8LAnSa39Fq	D	10041550	0.0000060049	0.0000002830	7887.000000	372.000000	0.045000	1	0	-1	None
KT1Hjsz6ecFS87B86ijW5SD5YPQtmioGscu2	D	10041550	0.0000060049	0.0000002830	7887.000000	372.000000	0.045000	1	0	-1	None
KT1HKFDgB5mt94UyFZjebD6tazG8VfD6n1XQ	D	10041550	0.0000060049	0.0000002830	7887.000000	372.000000	0.045000	1	0	-1	None
KT1Hqrpkcd5reHmFvNiK6sB8PaAWid1LCWz6	D	10041550	0.0000060049	0.0000002830	7887.000000	372.000000	0.045000	1	0	-1	None
KT1Hqy8LLfQ3nmFg5RG2L5VG4Cs8mwarJ87H	D	10041550	0.0000060049	0.0000002830	7887.000000	372.000000	0.045000	1	0	-1	None
KT1HvmCje5n56MPHa2pMX5JQ8UDBA5exjeP1	D	10041550	0.0000060049	0.0000002830	7887.000000	372.000000	0.045000	1	0	-1	None
KT1Hw7VA24d9N3APmrJ9wA3ey5UfMjA2ZVFJ	D	10041550	0.0000060049	0.0000002830	7887.000000	372.000000	0.045000	1	0	-1	None
KT1HWJ759rdgKjWVSr61QCDqncCCsVYN7VM6	D	10041550	0.0000060049	0.0000002830	7887.000000	372.000000	0.045000	1	0	-1	None
KT1HZNcm5y2jQtb3uzZhttfU2iC1yEocSu2q	D	10041550	0.0000060049	0.0000002830	7887.000000	372.000000	0.045000	1	0	-1	None
KT1J22WTK4gRCKSuMi4HErjaYbx81MvHrf89	D	10041550	0.0000060049	0.0000002830	7887.000000	372.000000	0.045000	1	0	-1	None
KT1J2DBWoDtjekaSMoNBEZN4VvmGKv5LRpfN	D	10041550	0.0000060049	0.0000002830	7887.000000	372.000000	0.045000	1	0	-1	None
KT1J5YtVoJa8FTvtFgJp8xQRCtEDKXFVrD4k	D	10041550	0.0000060049	0.0000002830	7887.000000	372.000000	0.045000	1	0	-1	None
KT1J8aEGLkycbhKJnimLNaKmexj8NnNTJ6T2	D	10041550	0.0000060049	0.0000002830	7887.000000	372.000000	0.045000	1	0	-1	None
KT1J8PjnEY7w6Bb5PwwvLKziJmYt93gGVXBD	D	10041550	0.0000060049	0.0000002830	7887.000000	372.000000	0.045000	1	0	-1	None
KT1J984CJS4gF6g5kZh889nirqni58KeJUd9	D	10041550	0.0000060049	0.0000002830	7887.000000	372.000000	0.045000	1	0	-1	None
KT1J9ajuUHGVp6NPsDjGMCDiiYJYMmn95Qk5	D	10041550	0.0000060049	0.0000002830	7887.000000	372.000000	0.045000	1	0	-1	None
KT1J9oKffQXx4h8jLtGr7oTmv1jzZntSPLcE	D	10041550	0.0000060049	0.0000002830	7887.000000	372.000000	0.045000	1	0	-1	None
KT1JB6W2QdrHvxfJ2DfAhwKUCxmBXv8cGG7Z	D	10041550	0.0000060049	0.0000002830	7887.000000	372.000000	0.045000	1	0	-1	None
KT1JexBbtJfASDCBYpgk7NwFyi7sXafPoZn1	D	10041550	0.0000060049	0.0000002830	7887.000000	372.000000	0.045000	1	0	-1	None
KT1JJfBWArnhkoieafSkjtV66rsT5YVAmMmb	D	10041550	0.0000060049	0.0000002830	7887.000000	372.000000	0.045000	1	0	-1	None
KT1JMFbCueVuocJ1ihnskV7XDJHHNLAsNNTF	D	10041550	0.0000060049	0.0000002830	7887.000000	372.000000	0.045000	1	0	-1	None
KT1JmWHbgbE87ZDJ4DNaV2SdbP2CKLZUam47	D	10041550	0.0000060049	0.0000002830	7887.000000	372.000000	0.045000	1	0	-1	None
KT1JPCqbG77rRsVCH1kbpGoJw5Ubskg8cr9V	D	10041550	0.0000060049	0.0000002830	7887.000000	372.000000	0.045000	1	0	-1	None
KT1JQbG5mjkoiQM7a5Vz88DXMAzcAuYqDjUA	D	10041550	0.0000060049	0.0000002830	7887.000000	372.000000	0.045000	1	0	-1	None
KT1JtbqYFxqM72aLYGnv5qG6i6pGBbf8upEj	D	10041550	0.0000060049	0.0000002830	7887.000000	372.000000	0.045000	1	0	-1	None
KT1JTPuPFtepff3dap8K8kuBqVoJwaqu1eYR	D	10041550	0.0000060049	0.0000002830	7887.000000	372.000000	0.045000	1	0	-1	None
KT1JujJbVsb4RtNqZ2w6EEKzrAbiCczwcTzz	D	10041550	0.0000060049	0.0000002830	7887.000000	372.000000	0.045000	1	0	-1	None
KT1Jw4QQQvBz7XbWcMET55bxa89267GruNKE	D	10041550	0.0000060049	0.0000002830	7887.000000	372.000000	0.045000	1	0	-1	None
KT1K4c659WfHfQK8hJ21MR4HWpRm8nAuDNHg	D	10041550	0.0000060049	0.0000002830	7887.000000	372.000000	0.045000	1	0	-1	None
KT1K4y4wo5ZbDhJ6J7RznyjyQkggprfatt75	D	10041550	0.0000060049	0.0000002830	7887.000000	372.000000	0.045000	1	0	-1	None
KT1K87yDPsg9bYWbrNPEvThNneAZTotW5kL1	D	10041550	0.0000060049	0.0000002830	7887.000000	372.000000	0.045000	1	0	-1	None
KT1Kb3y4bS4ZDPb9HhPpcthHgZWJ6BkpaYL8	D	10041550	0.0000060049	0.0000002830	7887.000000	372.000000	0.045000	1	0	-1	None
KT1KBmG2QUg3d6ckKpkPacbVNv5nE7Tav1wt	D	10041550	0.0000060049	0.0000002830	7887.000000	372.000000	0.045000	1	0	-1	None
KT1KcsT4VTD1u4CaMmo9Fh3ymdGczWmo5eVN	D	10041550	0.0000060049	0.0000002830	7887.000000	372.000000	0.045000	1	0	-1	None
KT1Kdu8o1K5NhWXbaJJ1WCmMMZbFoxNGbcky	D	10041550	0.0000060049	0.0000002830	7887.000000	372.000000	0.045000	1	0	-1	None
KT1Kgk7DBnxhLivABq6zbyyCh6cCh1pzKZWc	D	10041550	0.0000060049	0.0000002830	7887.000000	372.000000	0.045000	1	0	-1	None
KT1KJgm3rf4tqQ1FeQ2ukXkoEhTeSmWXb9VB	D	10041550	0.0000060049	0.0000002830	7887.000000	372.000000	0.045000	1	0	-1	None
KT1KLCTybQWUBoVioBKEa7ayAWZ8GeduKmJ6	D	10041550	0.0000060049	0.0000002830	7887.000000	372.000000	0.045000	1	0	-1	None
KT1KMpAQEM3xEbUZGCEmieJA8TxJeTszJWtu	D	10041550	0.0000060049	0.0000002830	7887.000000	372.000000	0.045000	1	0	-1	None
KT1KnFXdfdcPX7BUkyKXkDabs8kQRbt4JQ7D	D	10041550	0.0000060049	0.0000002830	7887.000000	372.000000	0.045000	1	0	-1	None
KT1KTCUpHAa4j6SbKpBXFQdMiZHgRfcB63tm	D	10041550	0.0000060049	0.0000002830	7887.000000	372.000000	0.045000	1	0	-1	None
KT1KtRfdsDCqmxyLktAzCZi6jEdoGVaHgYGD	D	10041550	0.0000060049	0.0000002830	7887.000000	372.000000	0.045000	1	0	-1	None
KT1KUAMySkYuM8E9fLyWTAwNhr497d9BZwTm	D	10041550	0.0000060049	0.0000002830	7887.000000	372.000000	0.045000	1	0	-1	None
KT1KvBTryhccrggT82ipy9v6c3HA54igj8mk	D	10041550	0.0000060049	0.0000002830	7887.000000	372.000000	0.045000	1	0	-1	None
KT1Kwd2UpqtpvNMUe53HUqek8V2Ze2B9QYRz	D	10041550	0.0000060049	0.0000002830	7887.000000	372.000000	0.045000	1	0	-1	None
KT1KWQAXEwMZBeVe2Kaffr3QQ8qMrLF7EHT8	D	10041550	0.0000060049	0.0000002830	7887.000000	372.000000	0.045000	1	0	-1	None
KT1KYM1tqcTBwgqahSi28XJcYq9BVNfE6jBb	D	10041550	0.0000060049	0.0000002830	7887.000000	372.000000	0.045000	1	0	-1	None
KT1KZ12wowF3zF6XvcNybU31kBVAb2tbs6YL	D	10041550	0.0000060049	0.0000002830	7887.000000	372.000000	0.045000	1	0	-1	None
KT1KZhWipiJqMtKRk9P1xgeHPx4iyTiYBq3k	D	10041550	0.0000060049	0.0000002830	7887.000000	372.000000	0.045000	1	0	-1	None
KT1KZi8xk8k5WHS9sjLBSHiK6RJySzcuaXmH	D	10041550	0.0000060049	0.0000002830	7887.000000	372.000000	0.045000	1	0	-1	None
KT1LbbnLcXRFWrKDqPCjjsmVmkmbevvGLJYj	D	10041550	0.0000060049	0.0000002830	7887.000000	372.000000	0.045000	1	0	-1	None
KT1LinJc9hnbGoBZrhuWAok1yDxqhEMdUPeR	D	10041550	0.0000060049	0.0000002830	7887.000000	372.000000	0.045000	1	0	-1	None
KT1LNXArat5DLAAW4mp15U88zzP5EQ7pV8NK	D	10041550	0.0000060049	0.0000002830	7887.000000	372.000000	0.045000	1	0	-1	None
KT1LT5gzqMCjM2ySHB1z2E5eQ9qh6auXfZ3G	D	10041550	0.0000060049	0.0000002830	7887.000000	372.000000	0.045000	1	0	-1	None
KT1LUve2VVUVoLpYWviLKwVW3wWkhRBsqdGv	D	10041550	0.0000060049	0.0000002830	7887.000000	372.000000	0.045000	1	0	-1	None
KT1LuYo8Y9psQc9wDsuEc9QzfBCefg7Pjq9V	D	10041550	0.0000060049	0.0000002830	7887.000000	372.000000	0.045000	1	0	-1	None
KT1LxMXu78j9fnCeHQN3GtkWqVVMUYYURbhb	D	10041550	0.0000060049	0.0000002830	7887.000000	372.000000	0.045000	1	0	-1	None
KT1LXuXyqX6J8C4aCaREUtfLczr1muMjwKpi	D	10041550	0.0000060049	0.0000002830	7887.000000	372.000000	0.045000	1	0	-1	None
KT1Lxvpuy1J2XauWiATzBSAeKe9N9XA9ShJU	D	10041550	0.0000060049	0.0000002830	7887.000000	372.000000	0.045000	1	0	-1	None
KT1LXwxJUfxNADbCjRDGuNXkYFDBujEzEKsE	D	10041550	0.0000060049	0.0000002830	7887.000000	372.000000	0.045000	1	0	-1	None
KT1M2arinvWaAutTFzphfLP7YZ8NQzrrVTVq	D	10041550	0.0000060049	0.0000002830	7887.000000	372.000000	0.045000	1	0	-1	None
KT1M8jD9xMYWj7F1yZ4pJwEKVateqSCEWVEW	D	10041550	0.0000060049	0.0000002830	7887.000000	372.000000	0.045000	1	0	-1	None
KT1MCiJYwEMP4aXgXfh73MuwyMhwqzQBEAdM	D	10041550	0.0000060049	0.0000002830	7887.000000	372.000000	0.045000	1	0	-1	None
KT1McTG5oX3rR21THTfTd3eMunUsuk2r4hYt	D	10041550	0.0000060049	0.0000002830	7887.000000	372.000000	0.045000	1	0	-1	None
KT1MeLywWuZNAXMrKPbcy12uzBq8afqV24Gw	D	10041550	0.0000060049	0.0000002830	7887.000000	372.000000	0.045000	1	0	-1	None
KT1MeT6RRSyPFgjkdUycDYUHSmmV8fZXDVRZ	D	10041550	0.0000060049	0.0000002830	7887.000000	372.000000	0.045000	1	0	-1	None
KT1MeuAQc5WoYadaBdUGPYo3HRxttR7kJCnT	D	10041550	0.0000060049	0.0000002830	7887.000000	372.000000	0.045000	1	0	-1	None
KT1MJifaVRWS7oUhjmqeEfE4H7o9fxCCHD7d	D	10041550	0.0000060049	0.0000002830	7887.000000	372.000000	0.045000	1	0	-1	None
KT1MjKzfCiVhaPFELfWKGhPUgoHqxyXuB4Yr	D	10041550	0.0000060049	0.0000002830	7887.000000	372.000000	0.045000	1	0	-1	None
KT1Mk4bV3d784pAxJ99C7MDGojdYNhnw72C6	D	10041550	0.0000060049	0.0000002830	7887.000000	372.000000	0.045000	1	0	-1	None
KT1MM6RRyKUpvWYJZ1PYgGicynPmff7c6S5w	D	10041550	0.0000060049	0.0000002830	7887.000000	372.000000	0.045000	1	0	-1	None
KT1MNNN73EM36JWdJam4arqw3uMJ2ejkpB23	D	10041550	0.0000060049	0.0000002830	7887.000000	372.000000	0.045000	1	0	-1	None
KT1MoyNtC4aZtpBvGfhvN4RnXB65md5N7Bo5	D	10041550	0.0000060049	0.0000002830	7887.000000	372.000000	0.045000	1	0	-1	None
KT1MPsrrjQCpBo2NVMbWrGT2x4Dv6ui7S81b	D	10041550	0.0000060049	0.0000002830	7887.000000	372.000000	0.045000	1	0	-1	None
KT1MWvj4z1rGn6GZpNbRGW8KdyyrSx1mxpVx	D	10041550	0.0000060049	0.0000002830	7887.000000	372.000000	0.045000	1	0	-1	None
KT1MxjEJxUU2m1dow38BuAJdA5Mddrf2bPmM	D	10041550	0.0000060049	0.0000002830	7887.000000	372.000000	0.045000	1	0	-1	None
KT1MZ4ujxNEZiMMg6YwU8W3LbHGuor4agjMp	D	10041550	0.0000060049	0.0000002830	7887.000000	372.000000	0.045000	1	0	-1	None
KT1N1B4MM8wNHJLRqjwv5rBi8dRhhffsXpPM	D	10041550	0.0000060049	0.0000002830	7887.000000	372.000000	0.045000	1	0	-1	None
KT1N4gKYNURr2rtVwJ6AcPV2or2275QvECgA	D	10041550	0.0000060049	0.0000002830	7887.000000	372.000000	0.045000	1	0	-1	None
KT1N7Hv7TswHz5ybHGhqvibTB6ZUYXa77e5E	D	10041550	0.0000060049	0.0000002830	7887.000000	372.000000	0.045000	1	0	-1	None
KT1N9AbB6GyNn8vA9M4hTMU1WydHmgasW24V	D	10041550	0.0000060049	0.0000002830	7887.000000	372.000000	0.045000	1	0	-1	None
KT1Nh3gtndSUoYmVQnm9EzNHSWDuiTEk1jSZ	D	10041550	0.0000060049	0.0000002830	7887.000000	372.000000	0.045000	1	0	-1	None
KT1NiKxtYSrzsrtfRZ74UCK4J4XMzPWRqyE8	D	10041550	0.0000060049	0.0000002830	7887.000000	372.000000	0.045000	1	0	-1	None
KT1NjQS7YGg3KTAoSBhGHZKtm6iRNSjwcvBr	D	10041550	0.0000060049	0.0000002830	7887.000000	372.000000	0.045000	1	0	-1	None
KT1NL6kB5zooFNSVKzW13nt1dr2nC3Zse5BA	D	10041550	0.0000060049	0.0000002830	7887.000000	372.000000	0.045000	1	0	-1	None
KT1NpES8mSpquveZXWkXMpdi8chVfmLi7k6N	D	10041550	0.0000060049	0.0000002830	7887.000000	372.000000	0.045000	1	0	-1	None
KT1NQWquLixbKKg6m4dJ9fDvpyJV46W8gyaW	D	10041550	0.0000060049	0.0000002830	7887.000000	372.000000	0.045000	1	0	-1	None
KT1NR2dTQFq7Rfq2CN5dtd9ffAzAL3FfiRoN	D	10041550	0.0000060049	0.0000002830	7887.000000	372.000000	0.045000	1	0	-1	None
KT1NRsrKLtaSgqLsnGe9vbVdNEr9VNyDnjgF	D	10041550	0.0000060049	0.0000002830	7887.000000	372.000000	0.045000	1	0	-1	None
KT1NRwkh4Gno81Qu55YnEikgY3vs5BtwyC91	D	10041550	0.0000060049	0.0000002830	7887.000000	372.000000	0.045000	1	0	-1	None
KT1NurPWuwtAKyjzv7F9jih5Px5jNaMsG1Nn	D	10041550	0.0000060049	0.0000002830	7887.000000	372.000000	0.045000	1	0	-1	None
KT1NUzRs4CmW8dxZsoHrfSVRQFLhGDq8mj3M	D	10041550	0.0000060049	0.0000002830	7887.000000	372.000000	0.045000	1	0	-1	None
KT1NwRQrH6H62nYqPDVFSZu784kqwyqrc9XX	D	10041550	0.0000060049	0.0000002830	7887.000000	372.000000	0.045000	1	0	-1	None
KT1NZBcQf8gDSKqCpapbcw5gpEkzz447MdQ8	D	10041550	0.0000060049	0.0000002830	7887.000000	372.000000	0.045000	1	0	-1	None
KT1Nzu8oddYmmr4C3GjVYbbbtQyYLpmmJGJj	D	10041550	0.0000060049	0.0000002830	7887.000000	372.000000	0.045000	1	0	-1	None
KT1NZuWMfZbrdiVnJmefJLHJeWc1iXByEkC3	D	10041550	0.0000060049	0.0000002830	7887.000000	372.000000	0.045000	1	0	-1	None
KT1P1NiYcX819oPUDmxxUAVtQ2RLgbLvRTps	D	10041550	0.0000060049	0.0000002830	7887.000000	372.000000	0.045000	1	0	-1	None
KT1P3hzY6sywMrm9w1SGBnm7AVNXkEuD2nvS	D	10041550	0.0000060049	0.0000002830	7887.000000	372.000000	0.045000	1	0	-1	None
KT1PAJ9GEX18jwBVF5c45UGX3eRkixVcwi5s	D	10041550	0.0000060049	0.0000002830	7887.000000	372.000000	0.045000	1	0	-1	None
KT1PaWM6EsX669kNk2reJCeHiG2Tzeggmdeg	D	10041550	0.0000060049	0.0000002830	7887.000000	372.000000	0.045000	1	0	-1	None
KT1PcF8S2RpLmAPrNNquv42g3ecuN6aJw2KG	D	10041550	0.0000060049	0.0000002830	7887.000000	372.000000	0.045000	1	0	-1	None
KT1Pdkn72rSsLKBqmjrtbxTuKVU9R9194gEq	D	10041550	0.0000060049	0.0000002830	7887.000000	372.000000	0.045000	1	0	-1	None
KT1PFVqf3cH22ioWV9qc77tZbdRvGiPaFf6W	D	10041550	0.0000060049	0.0000002830	7887.000000	372.000000	0.045000	1	0	-1	None
KT1PG78aAF7AZYo4pNj5ASCFmT12yNdrTtEt	D	10041550	0.0000060049	0.0000002830	7887.000000	372.000000	0.045000	1	0	-1	None
KT1PGoDGRWAQgRXrYDZkpomDJQKPjd6Vneb5	D	10041550	0.0000060049	0.0000002830	7887.000000	372.000000	0.045000	1	0	-1	None
KT1PgQKRSc2yfjGCkDMpVvRcTV6RKHtdXw7v	D	10041550	0.0000060049	0.0000002830	7887.000000	372.000000	0.045000	1	0	-1	None
KT1PLiYfEZmvdhucHAhyTvPztyvFitnxXo3i	D	10041550	0.0000060049	0.0000002830	7887.000000	372.000000	0.045000	1	0	-1	None
KT1PMg5jy2bMjCqpAXqvGEccfeF78oYtydh6	D	10041550	0.0000060049	0.0000002830	7887.000000	372.000000	0.045000	1	0	-1	None
KT1PnzLB3w7pWbaVhpVKArzdAC2fVkCHiYgj	D	10041550	0.0000060049	0.0000002830	7887.000000	372.000000	0.045000	1	0	-1	None
KT1PouYbVMvHsr4iVjBMjwhGVuXWxxRHm67j	D	10041550	0.0000060049	0.0000002830	7887.000000	372.000000	0.045000	1	0	-1	None
KT1PrkYZd8AiuCz8LAhRG9rZ2ZWoJyqY8aR7	D	10041550	0.0000060049	0.0000002830	7887.000000	372.000000	0.045000	1	0	-1	None
KT1Q75fFCyf6YXsJYWayGPSsAbBpshX87FtU	D	10041550	0.0000060049	0.0000002830	7887.000000	372.000000	0.045000	1	0	-1	None
KT1QAJRzCWkQXnJwvqYPnpZhzKtzgYsVH8gp	D	10041550	0.0000060049	0.0000002830	7887.000000	372.000000	0.045000	1	0	-1	None
KT1Qbei9d9Tq3zEhdtJ2pfm7fp4w9qVPu4Px	D	10041550	0.0000060049	0.0000002830	7887.000000	372.000000	0.045000	1	0	-1	None
KT1QctvAYh5r7YowKszbpTmjGng626EhCBji	D	10041550	0.0000060049	0.0000002830	7887.000000	372.000000	0.045000	1	0	-1	None
KT1QeWMfVzvW7j2iBD7HQupNSXpFgQi2icCR	D	10041550	0.0000060049	0.0000002830	7887.000000	372.000000	0.045000	1	0	-1	None
KT1QfAq22hT6Pg46VLHKLZWwH3sAZUyBzZeF	D	10041550	0.0000060049	0.0000002830	7887.000000	372.000000	0.045000	1	0	-1	None
KT1Qg1qc8HD8VKi3qHszkonj6Kd8dzRnJS28	D	10041550	0.0000060049	0.0000002830	7887.000000	372.000000	0.045000	1	0	-1	None
KT1QKaoJyQdtTSj7UQtPWio18u5CDwwdxiJW	D	10041550	0.0000060049	0.0000002830	7887.000000	372.000000	0.045000	1	0	-1	None
KT1QtqFSuZHcN9oRCDLXxQsMP9tiLbXUvR44	D	10041550	0.0000060049	0.0000002830	7887.000000	372.000000	0.045000	1	0	-1	None
KT1QZrcYCgR3rfvGikf9GhiCjzribu8buCGZ	D	10041550	0.0000060049	0.0000002830	7887.000000	372.000000	0.045000	1	0	-1	None
KT1R9df3fTxYxELSYzD4GpxKq2W3agmiRQAa	D	10041550	0.0000060049	0.0000002830	7887.000000	372.000000	0.045000	1	0	-1	None
KT1R9GRT4PvRrZaXYr75QuSKtKWBA9k5nRvH	D	10041550	0.0000060049	0.0000002830	7887.000000	372.000000	0.045000	1	0	-1	None
KT1R9zLpWjMma4DsdtqKEdBdGBgHYkMWPQzg	D	10041550	0.0000060049	0.0000002830	7887.000000	372.000000	0.045000	1	0	-1	None
KT1RChNMBYvki1m9GpmDz7mWHZuEbinR26fH	D	10041550	0.0000060049	0.0000002830	7887.000000	372.000000	0.045000	1	0	-1	None
KT1REdmXhdXnsEEmhQ6i139yht3nx3wPn6E7	D	10041550	0.0000060049	0.0000002830	7887.000000	372.000000	0.045000	1	0	-1	None
KT1Rjhvb79ytumfyadbwwBJYq4qZPUQQxHFK	D	10041550	0.0000060049	0.0000002830	7887.000000	372.000000	0.045000	1	0	-1	None
KT1RNadXX2G8zcof9tHBoCMyGbezCpponpBk	D	10041550	0.0000060049	0.0000002830	7887.000000	372.000000	0.045000	1	0	-1	None
KT1RpqGAmQrhse1DWHoDhtvEVXtSavxFLW16	D	10041550	0.0000060049	0.0000002830	7887.000000	372.000000	0.045000	1	0	-1	None
KT1RQUK4HA4jm6zducg6Rty5c66g9jG6Zfa5	D	10041550	0.0000060049	0.0000002830	7887.000000	372.000000	0.045000	1	0	-1	None
KT1RqzZmrZgn2boWWKGPRNcBF2Rz1V61nFje	D	10041550	0.0000060049	0.0000002830	7887.000000	372.000000	0.045000	1	0	-1	None
KT1Rrmg6dBvc2q9AhdKRJtHEXeb2SbCucnSy	D	10041550	0.0000060049	0.0000002830	7887.000000	372.000000	0.045000	1	0	-1	None
KT1RRNguFBpxZrVcTC1sk7YWXDmM3NGt43ZE	D	10041550	0.0000060049	0.0000002830	7887.000000	372.000000	0.045000	1	0	-1	None
KT1RRNLidWhxZ2Zogn5DU8wPbJhLGBeZudsf	D	10041550	0.0000060049	0.0000002830	7887.000000	372.000000	0.045000	1	0	-1	None
KT1RRQLaq75yZJCLCsjCd4ASpPa624jyCgb9	D	10041550	0.0000060049	0.0000002830	7887.000000	372.000000	0.045000	1	0	-1	None
KT1RSgtEKGFbCxV7mN3fZxihpofqmrv2iRiS	D	10041550	0.0000060049	0.0000002830	7887.000000	372.000000	0.045000	1	0	-1	None
KT1RTe1zfbWeu5HzzPYTSNuAH7izLRxie93B	D	10041550	0.0000060049	0.0000002830	7887.000000	372.000000	0.045000	1	0	-1	None
KT1RtmSbTHs2kYFAGUnhUs4mta3ZPgumVCAg	D	10041550	0.0000060049	0.0000002830	7887.000000	372.000000	0.045000	1	0	-1	None
KT1RvSQKzBc61ichCNsc3yuQDTpA9YzPUsmd	D	10041550	0.0000060049	0.0000002830	7887.000000	372.000000	0.045000	1	0	-1	None
KT1RXPDeM7M5uqCwd1C9gNokZyGxdkyQFAFd	D	10041550	0.0000060049	0.0000002830	7887.000000	372.000000	0.045000	1	0	-1	None
KT1S3m7a3Cq6Q76Dyw7ueSGTVaR8vTyGgWoV	D	10041550	0.0000060049	0.0000002830	7887.000000	372.000000	0.045000	1	0	-1	None
KT1S4Bg9PPeyEKVoQaUpkNJaz24h3NxrPfsA	D	10041550	0.0000060049	0.0000002830	7887.000000	372.000000	0.045000	1	0	-1	None
KT1S9VYNVb5Fc33zxtggGEeGtvKGydAYrj2f	D	10041550	0.0000060049	0.0000002830	7887.000000	372.000000	0.045000	1	0	-1	None
KT1Sb8rVvkc8K9xWJ1y1pg5LwKQzBLQJr7cG	D	10041550	0.0000060049	0.0000002830	7887.000000	372.000000	0.045000	1	0	-1	None
KT1SbAHLs5chEmwFSanmjBq4vVCzqX2xX1cz	D	10041550	0.0000060049	0.0000002830	7887.000000	372.000000	0.045000	1	0	-1	None
KT1SnHYWryPqPaXkgdPkpA1yPgLNpBkG5L5v	D	10041550	0.0000060049	0.0000002830	7887.000000	372.000000	0.045000	1	0	-1	None
KT1So5pUMHD3a74hGytSWcaSfmQvrQwSFuoZ	D	10041550	0.0000060049	0.0000002830	7887.000000	372.000000	0.045000	1	0	-1	None
KT1SP4iXH8X2iV58r8hs4ggUb73rXuVP7bgr	D	10041550	0.0000060049	0.0000002830	7887.000000	372.000000	0.045000	1	0	-1	None
KT1SqysruFgiDa7DhiAPQSr96CE6otPjjUQR	D	10041550	0.0000060049	0.0000002830	7887.000000	372.000000	0.045000	1	0	-1	None
KT1Ss3PQ8KPrBRitKbyCSoXdXHpmwPgSGexx	D	10041550	0.0000060049	0.0000002830	7887.000000	372.000000	0.045000	1	0	-1	None
KT1STD3opcxVkjsmzEivBV9Z4gX91n7NncV4	D	10041550	0.0000060049	0.0000002830	7887.000000	372.000000	0.045000	1	0	-1	None
KT1SVtDw6ehfBeUusaL6KR6c9TqDmUNxAj6v	D	10041550	0.0000060049	0.0000002830	7887.000000	372.000000	0.045000	1	0	-1	None
KT1SWJuBX5GKVfhumTVasSkUkm6LB1K4rZzS	D	10041550	0.0000060049	0.0000002830	7887.000000	372.000000	0.045000	1	0	-1	None
KT1Szrr8EW9JfRUKymwyw5v4cgrFjPgit3PJ	D	10041550	0.0000060049	0.0000002830	7887.000000	372.000000	0.045000	1	0	-1	None
KT1TCjxW8MKD1HPcSRNHCA2irnAXUKaBt5jM	D	10041550	0.0000060049	0.0000002830	7887.000000	372.000000	0.045000	1	0	-1	None
KT1TE8mHK9CTnnFgMcVKBeHhuahtfXymWws7	D	10041550	0.0000060049	0.0000002830	7887.000000	372.000000	0.045000	1	0	-1	None
KT1Tk5BUcKBnPn4YqPfEiHQzzXEWojJHq8T9	D	10041550	0.0000060049	0.0000002830	7887.000000	372.000000	0.045000	1	0	-1	None
KT1TNnHndog4fiqLZDsvgeWX7Mtf2UzzH2bv	D	10041550	0.0000060049	0.0000002830	7887.000000	372.000000	0.045000	1	0	-1	None
KT1TQ12Hfz8f6xWG4Kv9e2UvBnh9BKsTKWht	D	10041550	0.0000060049	0.0000002830	7887.000000	372.000000	0.045000	1	0	-1	None
KT1Ts2wuMGJbvU926GyBzRseroYAaN8FWcfX	D	10041550	0.0000060049	0.0000002830	7887.000000	372.000000	0.045000	1	0	-1	None
KT1Tsgk797iZdqTr6zjkHRwYbUn5P8veXra4	D	10041550	0.0000060049	0.0000002830	7887.000000	372.000000	0.045000	1	0	-1	None
KT1TvW3K8ao5ZXjrx62hFBnv13HsfcjAYQTg	D	10041550	0.0000060049	0.0000002830	7887.000000	372.000000	0.045000	1	0	-1	None
KT1TzfKV9DNyquwmUNiDfGWphCaqB9UDRBQc	D	10041550	0.0000060049	0.0000002830	7887.000000	372.000000	0.045000	1	0	-1	None
KT1U4RZNN55wf5crsv4LcV1NtsrSkJqhqzSi	D	10041550	0.0000060049	0.0000002830	7887.000000	372.000000	0.045000	1	0	-1	None
KT1U7LQmJgaM7jhc9Ls9tNCuG7gUJnSLwSbF	D	10041550	0.0000060049	0.0000002830	7887.000000	372.000000	0.045000	1	0	-1	None
KT1U8hTgE7KW3rHczubVPD3LsgjpBBjFFYzG	D	10041550	0.0000060049	0.0000002830	7887.000000	372.000000	0.045000	1	0	-1	None
KT1UaNaqpxm3cUphKyswMHL9N27ggfomRzTb	D	10041550	0.0000060049	0.0000002830	7887.000000	372.000000	0.045000	1	0	-1	None
KT1UePqU2bsqXXVLrfx9d5iGAyywHVRCnDWQ	D	10041550	0.0000060049	0.0000002830	7887.000000	372.000000	0.045000	1	0	-1	None
KT1Ui4GYeR4hi8nUip13zEQqL51yMNPCKBYu	D	10041550	0.0000060049	0.0000002830	7887.000000	372.000000	0.045000	1	0	-1	None
KT1UKWnhMyd78kAUZ99XCqwxCDwisXohcejy	D	10041550	0.0000060049	0.0000002830	7887.000000	372.000000	0.045000	1	0	-1	None
KT1ULXFoGXoHNSAnp8rhsXVxTAEXDKREEYgN	D	10041550	0.0000060049	0.0000002830	7887.000000	372.000000	0.045000	1	0	-1	None
KT1UqzEU7rFWMknUdhLZt4cDScFXjYfYiJog	D	10041550	0.0000060049	0.0000002830	7887.000000	372.000000	0.045000	1	0	-1	None
KT1UuSU5p3qeEQjvnExGHg5NhhEafzfvk4ud	D	10041550	0.0000060049	0.0000002830	7887.000000	372.000000	0.045000	1	0	-1	None
KT1UVAFqbTYoYLfp4YeRf4xTAZT6GW8iak7V	D	10041550	0.0000060049	0.0000002830	7887.000000	372.000000	0.045000	1	0	-1	None
KT1UWpScc2fQrkbHgXBapL5PyR5rtn3wtdUU	D	10041550	0.0000060049	0.0000002830	7887.000000	372.000000	0.045000	1	0	-1	None
KT1UxgxMTdKrQxrVtLLdckViQrg68cuYn2ip	D	10041550	0.0000060049	0.0000002830	7887.000000	372.000000	0.045000	1	0	-1	None
KT1V6aj3j24wY7wP7gT9nt9qGLvyaJhSj9WA	D	10041550	0.0000060049	0.0000002830	7887.000000	372.000000	0.045000	1	0	-1	None
KT1V7ZSs37vUHCfGdJ9BqZr5wzQ19r8xPQcw	D	10041550	0.0000060049	0.0000002830	7887.000000	372.000000	0.045000	1	0	-1	None
KT1V9ddL9cVgaFXZSnvoBbsri4ER1A28dJSW	D	10041550	0.0000060049	0.0000002830	7887.000000	372.000000	0.045000	1	0	-1	None
KT1VasVYpBEhGwg3z4CXMvAro4e715Jpcq6T	D	10041550	0.0000060049	0.0000002830	7887.000000	372.000000	0.045000	1	0	-1	None
KT1VdsDcZwSw29PmXogzFG8zdcpVGkXA3QEa	D	10041550	0.0000060049	0.0000002830	7887.000000	372.000000	0.045000	1	0	-1	None
KT1VfBSNrDsuusNMmLPHcqKgmzFxGuFHnNQk	D	10041550	0.0000060049	0.0000002830	7887.000000	372.000000	0.045000	1	0	-1	None
KT1ViN2ZawbAdWjUHupEhLs4dYTfEdhPaGaX	D	10041550	0.0000060049	0.0000002830	7887.000000	372.000000	0.045000	1	0	-1	None
KT1VjXks6RDAdPgRTyeeMacqvw57qf6a6geL	D	10041550	0.0000060049	0.0000002830	7887.000000	372.000000	0.045000	1	0	-1	None
KT1Vm4k7L8Lnsy2GbkuQwX4XY2eM8qyvrcMd	D	10041550	0.0000060049	0.0000002830	7887.000000	372.000000	0.045000	1	0	-1	None
KT1VN6AeWC3qMtzRqeEfejAUaKRdsHSdHN6Q	D	10041550	0.0000060049	0.0000002830	7887.000000	372.000000	0.045000	1	0	-1	None
KT1VnWkshiSEd1gKhzMRhYn2BRY8FmGdMNry	D	10041550	0.0000060049	0.0000002830	7887.000000	372.000000	0.045000	1	0	-1	None
KT1VoGkKMnPx2An4b8z6vHgaQdTvUrbUS7S5	D	10041550	0.0000060049	0.0000002830	7887.000000	372.000000	0.045000	1	0	-1	None
KT1Vqb6wmkwhYMMz1QXqw8PSKv7hkn6drqNT	D	10041550	0.0000060049	0.0000002830	7887.000000	372.000000	0.045000	1	0	-1	None
KT1VqM6g82u6Tc74iKNpxQPtLy87FPk1opC1	D	10041550	0.0000060049	0.0000002830	7887.000000	372.000000	0.045000	1	0	-1	None
KT1VQX312fdJnB8mt24W1tuJdeW1MU6r2s7P	D	10041550	0.0000060049	0.0000002830	7887.000000	372.000000	0.045000	1	0	-1	None
KT1VsQ4eo1wKfvuapyff4FgfTH4kdn7Hsm5D	D	10041550	0.0000060049	0.0000002830	7887.000000	372.000000	0.045000	1	0	-1	None
KT1VvFTffhANn56AEAsVRhNJhQfhA22spWMm	D	10041550	0.0000060049	0.0000002830	7887.000000	372.000000	0.045000	1	0	-1	None
KT1VVRGjs6Noy6Ukg6XAGwAqPvDkftSPNh6D	D	10041550	0.0000060049	0.0000002830	7887.000000	372.000000	0.045000	1	0	-1	None
KT1VYV4W22T8258aWR6zoR12EmNQ3CCwZCyy	D	10041550	0.0000060049	0.0000002830	7887.000000	372.000000	0.045000	1	0	-1	None
KT1W3fq7mWcMqpFiRpkLTPySNvmkfHyXPn3B	D	10041550	0.0000060049	0.0000002830	7887.000000	372.000000	0.045000	1	0	-1	None
KT1W4caKJyEk9snkQDyR3E2x9otGZYrnBrJQ	D	10041550	0.0000060049	0.0000002830	7887.000000	372.000000	0.045000	1	0	-1	None
KT1W87xA5zW1RahgKRCEmex9yku1ykeXYHvU	D	10041550	0.0000060049	0.0000002830	7887.000000	372.000000	0.045000	1	0	-1	None
KT1WguNGMMTmNenWJpGzvDKaTFTDU97kyjw8	D	10041550	0.0000060049	0.0000002830	7887.000000	372.000000	0.045000	1	0	-1	None
KT1WjXTFeHzo59ETd1gyWtXpkwjLLumHcbxD	D	10041550	0.0000060049	0.0000002830	7887.000000	372.000000	0.045000	1	0	-1	None
KT1WJyQp5BYxntbdCHQJ49NwVdK2ufPTExed	D	10041550	0.0000060049	0.0000002830	7887.000000	372.000000	0.045000	1	0	-1	None
KT1WmmHPXJvp4Y7bmVBKhek6t3Jy1deZhL24	D	10041550	0.0000060049	0.0000002830	7887.000000	372.000000	0.045000	1	0	-1	None
KT1WQDNBj2XqSf42vxtF7FYaeysL74z4kDd2	D	10041550	0.0000060049	0.0000002830	7887.000000	372.000000	0.045000	1	0	-1	None
KT1WR2pznfhDjiiDbTtprupn3ZvCJ7FCY3yn	D	10041550	0.0000060049	0.0000002830	7887.000000	372.000000	0.045000	1	0	-1	None
KT1Wsp2APJe3gJMcvsA2xHnvmfD4TrwtYNja	D	10041550	0.0000060049	0.0000002830	7887.000000	372.000000	0.045000	1	0	-1	None
KT1WULaovWTLBDA34ERFNQCsCzn1g9QJajxZ	D	10041550	0.0000060049	0.0000002830	7887.000000	372.000000	0.045000	1	0	-1	None
KT1WWQgq5rzGae5NM1owNfDgkN7XBua5Gd41	D	10041550	0.0000060049	0.0000002830	7887.000000	372.000000	0.045000	1	0	-1	None
KT1WXLLvi2hft6p1Tnk5Fw9986fDgV4sPEXZ	D	10041550	0.0000060049	0.0000002830	7887.000000	372.000000	0.045000	1	0	-1	None
KT1WxQr33QQWJBvXMeoWEqCEEnSjPAauUWtU	D	10041550	0.0000060049	0.0000002830	7887.000000	372.000000	0.045000	1	0	-1	None
KT1X8jSZ8QxYsi9wvdPs9v67uyEMxMd7WFU9	D	10041550	0.0000060049	0.0000002830	7887.000000	372.000000	0.045000	1	0	-1	None
KT1X9vRku2oNACCYro2yMpxGBvVVPFivxqLT	D	10041550	0.0000060049	0.0000002830	7887.000000	372.000000	0.045000	1	0	-1	None
KT1XcWdayWNW2UYs9rdhoMo1kHgFdXv5ByGv	D	10041550	0.0000060049	0.0000002830	7887.000000	372.000000	0.045000	1	0	-1	None
KT1XgirQYsuYXJpKgYsfwp4JsH8WBaeAFEMM	D	10041550	0.0000060049	0.0000002830	7887.000000	372.000000	0.045000	1	0	-1	None
KT1XhbpVo219AvajWQwYRQ5aRBH88mPoQVUo	D	10041550	0.0000060049	0.0000002830	7887.000000	372.000000	0.045000	1	0	-1	None
KT1XibFZuZA3yVVMSRySXvRs9yAsS8krqvXj	D	10041550	0.0000060049	0.0000002830	7887.000000	372.000000	0.045000	1	0	-1	None
KT1XirSLDRC8ajcVyQZCTBALK2XDBuUYYyoH	D	10041550	0.0000060049	0.0000002830	7887.000000	372.000000	0.045000	1	0	-1	None
KT1XL84QUEGyiah8JpqdbFHYkGGARwa4nrJ7	D	10041550	0.0000060049	0.0000002830	7887.000000	372.000000	0.045000	1	0	-1	None
KT1XM6TKGsGvj8dJKigkmFVPACpyxMyfjJhJ	D	10041550	0.0000060049	0.0000002830	7887.000000	372.000000	0.045000	1	0	-1	None
KT1XqjP5933Rm5Cf327kmrUhz84ALyHEHFjf	D	10041550	0.0000060049	0.0000002830	7887.000000	372.000000	0.045000	1	0	-1	None
KT1XrtZ5rBGvEYjQj8LoBRYEidTZ3Kf38bbM	D	10041550	0.0000060049	0.0000002830	7887.000000	372.000000	0.045000	1	0	-1	None
KT1XRwMpkg7GHswd6M3RK8g8X9JTqBPeu8LX	D	10041550	0.0000060049	0.0000002830	7887.000000	372.000000	0.045000	1	0	-1	None
KT1XTdWZ31PnarnxAN2RmB6Pk4XxjTkwa2Cb	D	10041550	0.0000060049	0.0000002830	7887.000000	372.000000	0.045000	1	0	-1	None
KT1XWLQTV9mN5RDtWfU8LZkaaSefYGnE82De	D	10041550	0.0000060049	0.0000002830	7887.000000	372.000000	0.045000	1	0	-1	None
KT1XWzWsdYvCWWL5Ti1s3mmetb7rLtP9o9UD	D	10041550	0.0000060049	0.0000002830	7887.000000	372.000000	0.045000	1	0	-1	None
KT1XXcT7BMnooXY5sSst9LWNfpNtMobep8ST	D	10041550	0.0000060049	0.0000002830	7887.000000	372.000000	0.045000	1	0	-1	None
tz1QSqmS1deXrqSPTc5eU81y3TC4J2gU51BG	O	906368716619.7999	0.5675494033	0.0000000000	745476141.000000	0.000000	0.000000	1	0	-1	None
tz1ZpBnjJGzCy3jXFBkc4pLeS5TYnEWSr4Hx	O	388443735694.2	0.2432354586	0.0000000000	319489775.000000	0.000000	0.000000	1	0	-1	None
tz1ZpBnjJGzCy3jXFBkc4pLeS5TYnEWSr4Hx	F	0	0.0025544044	0.0000000000	3355210.000000	0.000000	0.000000	1	0	-1	None
tz1QSqmS1deXrqSPTc5eU81y3TC4J2gU51BG	F	0	0.0059602768	0.0000000000	7828900.000000	0.000000	0.000000	1	0	-1	None
